,0.13353139262452257
was,0.0
cloudy,2.0794415416798357
incoming,0.6931471805599453
second,0.13353139262452257
pay,1.3862943611198906
jacksonville,2.0794415416798357
investment,1.3862943611198906
first,0.28768207245178085
baez,2.0794415416798357
options,0.9808292530117262
releasing,1.3862943611198906
member,1.3862943611198906
i,0.28768207245178085
joe,0.0
can,0.13353139262452257
desert,2.0794415416798357
rock,1.3862943611198906
trump,0.0
mother,1.3862943611198906
battle,0.9808292530117262
naming,1.3862943611198906
could,0.0
unions,2.0794415416798357
coun,2.0794415416798357
government,0.47000362924573563
biden,0.0
wave,1.3862943611198906
washington,0.28768207245178085
have,0.0
ago,0.6931471805599453
youd,0.9808292530117262
be,0.0
most,0.47000362924573563
membership,1.3862943611198906
regulations,0.6931471805599453
bernard,2.0794415416798357
planet,2.0794415416798357
along,0.47000362924573563
dyer,2.0794415416798357
night,0.28768207245178085
data,1.3862943611198906
ready,0.28768207245178085
has,0.0
rules,1.3862943611198906
president,0.0
high,0.9808292530117262
protection,1.3862943611198906
presidency,0.13353139262452257
comment,0.47000362924573563
how,0.0
unleash,1.3862943611198906
office,0.47000362924573563
fuel,0.9808292530117262
change,0.6931471805599453
support,0.28768207245178085
sat,2.0794415416798357
into,0.13353139262452257
republican,0.13353139262452257
scientists,1.3862943611198906
kottkeorg,1.3862943611198906
join,0.6931471805599453
tuesday,0.28768207245178085
floridas,1.3862943611198906
results,0.9808292530117262
scramble,1.3862943611198906
h,0.6931471805599453
grandmother,1.3862943611198906
rockiest,2.0794415416798357
experts,0.9808292530117262
managed,2.0794415416798357
cabinet,0.28768207245178085
oil,0.9808292530117262
watched,0.6931471805599453
--,0.13353139262452257
whom,2.0794415416798357
constellation,2.0794415416798357
under,0.13353139262452257
current,0.47000362924573563
during,0.28768207245178085
eight,0.9808292530117262
climatewire,2.0794415416798357
counties,1.3862943611198906
industry,0.9808292530117262
responsible,1.3862943611198906
activist,2.0794415416798357
new,0.13353139262452257
target,0.9808292530117262
near,0.6931471805599453
even,0.47000362924573563
as,0.0
victory,0.6931471805599453
order,0.6931471805599453
ridge,2.0794415416798357
path,1.3862943611198906
around,0.28768207245178085
dismantle,1.3862943611198906
slash,1.3862943611198906
vote,0.6931471805599453
faces,0.9808292530117262
had,0.47000362924573563
need,0.28768207245178085
disastrous,2.0794415416798357
are,0.13353139262452257
you,0.13353139262452257
president-elect,0.0
rhyolite,2.0794415416798357
mathematician,2.0794415416798357
air,0.6931471805599453
national,0.6931471805599453
would,0.28768207245178085
measures,0.9808292530117262
rolled,2.0794415416798357
action,0.9808292530117262
moon,1.3862943611198906
energy,0.6931471805599453
mountains,2.0794415416798357
windy,2.0794415416798357
week,0.47000362924573563
time,0.28768207245178085
that,0.0
getting,0.9808292530117262
deploy,2.0794415416798357
clay,2.0794415416798357
gut,1.3862943611198906
appeal,1.3862943611198906
recent,0.13353139262452257
sign,0.9808292530117262
reducing,2.0794415416798357
agreement,1.3862943611198906
together,1.3862943611198906
renewable,2.0794415416798357
deposit,2.0794415416798357
rowe,2.0794415416798357
many,0.0
if,0.0
everything,1.3862943611198906
boosted,1.3862943611198906
large,0.9808292530117262
your,0.28768207245178085
despair,2.0794415416798357
back,0.6931471805599453
climate,2.0794415416798357
clim,2.0794415416798357
th,0.6931471805599453
rhode,2.0794415416798357
big,0.6931471805599453
us,0.0
√óhello,1.3862943611198906
pre,2.0794415416798357
came,0.9808292530117262
climate-warming,2.0794415416798357
five,0.9808292530117262
making,0.6931471805599453
with,0.0
election,0.0
stop,0.6931471805599453
morning,0.13353139262452257
gas,1.3862943611198906
group,0.9808292530117262
likely,0.13353139262452257
agency,0.6931471805599453
a,0.0
70,2.0794415416798357
approved,1.3862943611198906
leave,0.6931471805599453
will,0.0
his,0.0
like,0.28768207245178085
and,0.0
some,0.13353139262452257
winner,1.3862943611198906
preparations,2.0794415416798357
its,0.13353139262452257
oversee,1.3862943611198906
atmosphere,2.0794415416798357
paris,2.0794415416798357
clean,0.9808292530117262
fossil,0.9808292530117262
sought,1.3862943611198906
2023,0.9808292530117262
technologies,1.3862943611198906
donald,0.0
the,0.0
voted,0.6931471805599453
last,0.28768207245178085
spine,2.0794415416798357
wind,1.3862943611198906
take,0.47000362924573563
term,0.28768207245178085
small,0.9808292530117262
agencies,0.6931471805599453
own,0.9808292530117262
coast,2.0794415416798357
felt,1.3862943611198906
environmental,1.3862943611198906
county,0.47000362924573563
offshore,2.0794415416798357
won,0.28768207245178085
after,0.13353139262452257
green,2.0794415416798357
nearly,0.47000362924573563
say,0.28768207245178085
measure,0.9808292530117262
methane,2.0794415416798357
who,0.0
isnt,0.6931471805599453
quickly,1.3862943611198906
john,0.9808292530117262
up,0.0
feels,1.3862943611198906
set,0.47000362924573563
promising,0.6931471805599453
for,0.0
withdrew,0.9808292530117262
ways,0.9808292530117262
perhaps,2.0794415416798357
not,0.13353139262452257
bevy,2.0794415416798357
wednesday,0.13353139262452257
lithium,2.0794415416798357
poured,1.3862943611198906
in,0.0
explore,1.3862943611198906
o,0.9808292530117262
from,0.0
members,0.6931471805599453
undo,2.0794415416798357
fee,2.0794415416798357
punch,1.3862943611198906
esmeralda,2.0794415416798357
ballot,0.6931471805599453
is,0.0
of,0.0
administration,0.13353139262452257
nevada,1.3862943611198906
island,1.3862943611198906
senate,0.9808292530117262
companies,0.9808292530117262
giving,2.0794415416798357
water,1.3862943611198906
on,0.0
to,0.0
years,0.13353139262452257
conversation,1.3862943611198906
pollution,2.0794415416798357
percent,1.3862943611198906
tr,1.3862943611198906
bidens,0.28768207245178085
development,0.9808292530117262
border,0.47000362924573563
site,0.6931471805599453
another,0.13353139262452257
takeback,2.0794415416798357
future,0.47000362924573563
policies,0.47000362924573563
save,0.9808292530117262
grief,2.0794415416798357
california,1.3862943611198906
but,0.13353139262452257
remote,2.0794415416798357
newsletter,0.6931471805599453
electiongetty,2.0794415416798357
chance,2.0794415416798357
income,2.0794415416798357
cross,2.0794415416798357
square,0.6931471805599453
electorally,2.0794415416798357
far,0.9808292530117262
know,0.9808292530117262
ufc,1.3862943611198906
writes,2.0794415416798357
saturday,0.6931471805599453
anne,2.0794415416798357
seen,0.9808292530117262
can-we-stop-the-stupidity,2.0794415416798357
united,0.6931471805599453
úso,2.0794415416798357
might,0.28768207245178085
sack,2.0794415416798357
thinks,1.3862943611198906
albuquerques,2.0794415416798357
roasts,2.0794415416798357
slots,2.0794415416798357
click,0.28768207245178085
wont,2.0794415416798357
learn,0.9808292530117262
cited,2.0794415416798357
g,2.0794415416798357
attack,0.9808292530117262
constituency,2.0794415416798357
installing,2.0794415416798357
knew,2.0794415416798357
youre,0.9808292530117262
nowinski,2.0794415416798357
cleveland,2.0794415416798357
1885-1889,2.0794415416798357
dissipate,2.0794415416798357
evangelist,2.0794415416798357
laura,2.0794415416798357
western,2.0794415416798357
inherently,2.0794415416798357
chips,1.3862943611198906
high-profile,2.0794415416798357
multiple,1.3862943611198906
spread,1.3862943611198906
jam,2.0794415416798357
cities,1.3862943611198906
playbook,2.0794415416798357
hurricanes,2.0794415416798357
tells,1.3862943611198906
plan,0.28768207245178085
within,2.0794415416798357
chair,0.9808292530117262
on-field,2.0794415416798357
insi,2.0794415416798357
extremists,2.0794415416798357
dramatically,2.0794415416798357
porn,2.0794415416798357
someone,2.0794415416798357
hakeem,2.0794415416798357
cut,1.3862943611198906
campaigned,0.6931471805599453
theyre,1.3862943611198906
event,0.6931471805599453
absurdity,2.0794415416798357
president-,2.0794415416798357
repeatedly,0.9808292530117262
case,0.6931471805599453
laundry,2.0794415416798357
twice-weekly,2.0794415416798357
were,0.28768207245178085
preside,0.9808292530117262
promise,0.47000362924573563
aggressive,2.0794415416798357
life,2.0794415416798357
criticized,0.9808292530117262
next,0.28768207245178085
drew,2.0794415416798357
fierce,2.0794415416798357
field,2.0794415416798357
concept,2.0794415416798357
montage,2.0794415416798357
trim,2.0794415416798357
michelle,2.0794415416798357
senator,0.6931471805599453
great,1.3862943611198906
carolinas,2.0794415416798357
re-election,2.0794415416798357
spoke,0.9808292530117262
reason,0.9808292530117262
days,0.6931471805599453
tv,1.3862943611198906
lives,1.3862943611198906
run-up,2.0794415416798357
circled,2.0794415416798357
melania,1.3862943611198906
left,0.6931471805599453
gaetz,0.9808292530117262
asked,0.9808292530117262
internet,0.9808292530117262
contempt,2.0794415416798357
approach,2.0794415416798357
pick,0.9808292530117262
false,2.0794415416798357
weiss/afp/getty,2.0794415416798357
convince,2.0794415416798357
became,2.0794415416798357
rips,1.3862943611198906
infiltrating,2.0794415416798357
watson/afp/getty,2.0794415416798357
blocks,2.0794415416798357
erosion,2.0794415416798357
country,0.28768207245178085
forth,2.0794415416798357
past,0.9808292530117262
harr,2.0794415416798357
ive,2.0794415416798357
enemies,1.3862943611198906
refuse,1.3862943611198906
every,0.9808292530117262
nobody,2.0794415416798357
true,0.9808292530117262
possible,0.9808292530117262
securing,2.0794415416798357
perform,2.0794415416798357
segregated,2.0794415416798357
check,0.6931471805599453
meanest,2.0794415416798357
insulted,2.0794415416798357
haley,1.3862943611198906
declares,2.0794415416798357
ally,1.3862943611198906
buzz,2.0794415416798357
40,1.3862943611198906
underway,2.0794415416798357
free,1.3862943611198906
blames,2.0794415416798357
bested,2.0794415416798357
winning,0.47000362924573563
arizona,0.9808292530117262
checks,2.0794415416798357
complaint,2.0794415416798357
network,1.3862943611198906
mostly,2.0794415416798357
idea,1.3862943611198906
fresh,0.9808292530117262
while,0.9808292530117262
karl,1.3862943611198906
receive,2.0794415416798357
hall,0.9808292530117262
hometown,2.0794415416798357
it,0.13353139262452257
continued,0.9808292530117262
50,0.9808292530117262
candidate,0.6931471805599453
lengthy,2.0794415416798357
stunt,2.0794415416798357
actor,1.3862943611198906
level,2.0794415416798357
allegedly,1.3862943611198906
vehemently,2.0794415416798357
exposure,2.0794415416798357
harris,0.13353139262452257
congratulates,1.3862943611198906
become,0.47000362924573563
arrived,2.0794415416798357
retracts,2.0794415416798357
sweeping,2.0794415416798357
significance,2.0794415416798357
these,0.6931471805599453
opponent,1.3862943611198906
locked,2.0794415416798357
nick,2.0794415416798357
era,1.3862943611198906
elections,1.3862943611198906
transfer,2.0794415416798357
mexico,1.3862943611198906
despite,0.6931471805599453
willard,2.0794415416798357
polls,1.3862943611198906
series,0.9808292530117262
rights,0.9808292530117262
campaigning,0.9808292530117262
scares,2.0794415416798357
applewhite,2.0794415416798357
enthusiast,2.0794415416798357
circles,2.0794415416798357
metal,2.0794415416798357
bannons,2.0794415416798357
page,1.3862943611198906
ken,0.6931471805599453
and/or,0.28768207245178085
verlyn,2.0794415416798357
wrote,0.9808292530117262
distanced,1.3862943611198906
reality,2.0794415416798357
until,0.9808292530117262
we,0.28768207245178085
one,0.28768207245178085
sent,0.6931471805599453
kn,2.0794415416798357
decision,0.9808292530117262
úirish,2.0794415416798357
attacks,0.9808292530117262
rogan,1.3862943611198906
convention,1.3862943611198906
politician,1.3862943611198906
announced,0.6931471805599453
arena,1.3862943611198906
fire,0.6931471805599453
privilege,2.0794415416798357
blesses,2.0794415416798357
outside,1.3862943611198906
laughs,1.3862943611198906
which,0.28768207245178085
taught,2.0794415416798357
received,1.3862943611198906
bad,2.0794415416798357
top,0.47000362924573563
make,0.28768207245178085
tiger,2.0794415416798357
shortage,2.0794415416798357
jeffries,2.0794415416798357
(in,0.28768207245178085
unde,2.0794415416798357
voter,2.0794415416798357
fiercely,1.3862943611198906
yearangela,2.0794415416798357
dawn,2.0794415416798357
reshape,1.3862943611198906
gave,1.3862943611198906
floating,2.0794415416798357
orderhe,2.0794415416798357
inspect,2.0794415416798357
fact,1.3862943611198906
showplace,2.0794415416798357
bellwethers,2.0794415416798357
2020,0.6931471805599453
massive,0.9808292530117262
without,1.3862943611198906
fondness,2.0794415416798357
enters,1.3862943611198906
claimed,1.3862943611198906
direction,0.6931471805599453
returns,0.6931471805599453
shift,0.9808292530117262
c,1.3862943611198906
power,0.6931471805599453
ideas,1.3862943611198906
racially,2.0794415416798357
democratic,0.47000362924573563
does,1.3862943611198906
handful,2.0794415416798357
nazi,2.0794415416798357
figures,1.3862943611198906
inflation,2.0794415416798357
stops,2.0794415416798357
photo-op,2.0794415416798357
stump,2.0794415416798357
everyone,2.0794415416798357
truth,0.9808292530117262
arent,1.3862943611198906
msg,1.3862943611198906
too,0.9808292530117262
thousands,0.9808292530117262
loyalist,1.3862943611198906
stints,2.0794415416798357
repu,2.0794415416798357
trashing,2.0794415416798357
tar,2.0794415416798357
defeat,2.0794415416798357
step,1.3862943611198906
rally,0.6931471805599453
press,1.3862943611198906
least,0.6931471805599453
groundwork,1.3862943611198906
divisive,1.3862943611198906
race,2.0794415416798357
úbecause,2.0794415416798357
picks,0.6931471805599453
klinkenborg,2.0794415416798357
went,0.6931471805599453
pointing,2.0794415416798357
celebrated,1.3862943611198906
months,0.9808292530117262
poin,2.0794415416798357
beginning,1.3862943611198906
president-ele,2.0794415416798357
photo/evan,2.0794415416798357
im,2.0794415416798357
remarks,0.9808292530117262
remains,0.9808292530117262
trash,1.3862943611198906
closest,2.0794415416798357
condemning,2.0794415416798357
minnesota,2.0794415416798357
ruling,1.3862943611198906
delivers,2.0794415416798357
integrity,2.0794415416798357
termthus,2.0794415416798357
predicted,2.0794415416798357
especially,2.0794415416798357
wing,2.0794415416798357
saying,0.6931471805599453
tight,2.0794415416798357
whole,2.0794415416798357
offered,1.3862943611198906
each,2.0794415416798357
(working,2.0794415416798357
rough,2.0794415416798357
wisconsin,2.0794415416798357
voters,0.47000362924573563
hotel,2.0794415416798357
nominee,0.47000362924573563
flashed,2.0794415416798357
bucket-list,2.0794415416798357
sift,2.0794415416798357
compelling,2.0794415416798357
campaign,0.13353139262452257
toolbox,2.0794415416798357
dash,2.0794415416798357
shifts,1.3862943611198906
security,1.3862943611198906
self-preservation,2.0794415416798357
mine,2.0794415416798357
go,0.9808292530117262
deportations,1.3862943611198906
broadway,2.0794415416798357
tax,1.3862943611198906
gains,2.0794415416798357
par,2.0794415416798357
calls,0.9808292530117262
town,1.3862943611198906
shitty,2.0794415416798357
countless,2.0794415416798357
steps,1.3862943611198906
gives,1.3862943611198906
immigrants,1.3862943611198906
influential,1.3862943611198906
live,2.0794415416798357
guys,2.0794415416798357
videos,2.0794415416798357
star,1.3862943611198906
messages,2.0794415416798357
rodgers,2.0794415416798357
broadcasting,2.0794415416798357
cheney,0.9808292530117262
harris-walz,2.0794415416798357
trum,2.0794415416798357
novi,1.3862943611198906
essay,2.0794415416798357
australian,2.0794415416798357
st,1.3862943611198906
earlier,0.9808292530117262
hate-filled,2.0794415416798357
casting,2.0794415416798357
oilfield,2.0794415416798357
leaving,2.0794415416798357
stance,1.3862943611198906
tweet,2.0794415416798357
hes,0.28768207245178085
sense,2.0794415416798357
npr,2.0794415416798357
supreme,0.6931471805599453
courts,0.6931471805599453
silicon,1.3862943611198906
efforts,0.9808292530117262
d,0.9808292530117262
in-person,2.0794415416798357
pro-trump,1.3862943611198906
gallo,2.0794415416798357
falsely,2.0794415416798357
clown,2.0794415416798357
loss,2.0794415416798357
backlash,1.3862943611198906
warns,0.9808292530117262
f,0.6931471805599453
yahoo,0.47000362924573563
wally,2.0794415416798357
described,0.9808292530117262
tech,1.3862943611198906
brutal,1.3862943611198906
frequent,2.0794415416798357
frenzy,2.0794415416798357
astra,2.0794415416798357
vying,2.0794415416798357
milwaukee,2.0794415416798357
absolut,2.0794415416798357
frustrated,2.0794415416798357
1789,2.0794415416798357
begun,1.3862943611198906
other,0.13353139262452257
prevail,2.0794415416798357
culture,1.3862943611198906
effective,2.0794415416798357
vs,2.0794415416798357
monopoly,2.0794415416798357
plans,0.47000362924573563
fall,1.3862943611198906
away,1.3862943611198906
edition,1.3862943611198906
post,0.47000362924573563
madison,0.6931471805599453
non-consecutive,2.0794415416798357
1,0.6931471805599453
empty,2.0794415416798357
worker,2.0794415416798357
self-,2.0794415416798357
through,0.6931471805599453
endorses,2.0794415416798357
calling,0.9808292530117262
4,0.47000362924573563
repeated,2.0794415416798357
facing,1.3862943611198906
fair,2.0794415416798357
store,0.28768207245178085
actions,1.3862943611198906
spreading,1.3862943611198906
challenging,1.3862943611198906
help,0.47000362924573563
greg,2.0794415416798357
vetting,2.0794415416798357
stock,0.9808292530117262
rooftop,2.0794415416798357
granddaughter,1.3862943611198906
nor,2.0794415416798357
north,0.6931471805599453
evolved,2.0794415416798357
responders,2.0794415416798357
fbi,2.0794415416798357
grants,1.3862943611198906
deadlines,1.3862943611198906
reporters,0.9808292530117262
personally,2.0794415416798357
shoc,2.0794415416798357
parties,2.0794415416798357
68,2.0794415416798357
jameson,2.0794415416798357
progressives,2.0794415416798357
act,0.9808292530117262
strong,0.9808292530117262
dick,2.0794415416798357
surveyas,2.0794415416798357
imagine,2.0794415416798357
lies,2.0794415416798357
stake,1.3862943611198906
certified,2.0794415416798357
promised,0.6931471805599453
liz,0.9808292530117262
crime,1.3862943611198906
collective,2.0794415416798357
piece,0.9808292530117262
kushner,2.0794415416798357
snub,2.0794415416798357
debate,2.0794415416798357
poll,2.0794415416798357
recently,0.9808292530117262
history,0.47000362924573563
subscribe,1.3862943611198906
throwing,2.0794415416798357
distance,2.0794415416798357
arab,2.0794415416798357
featured,2.0794415416798357
edit,2.0794415416798357
demonized,2.0794415416798357
úthe,1.3862943611198906
l,1.3862943611198906
mind,1.3862943611198906
always,0.28768207245178085
claims,0.28768207245178085
modicum,2.0794415416798357
dominated,2.0794415416798357
weigh,1.3862943611198906
jim,2.0794415416798357
referred,0.6931471805599453
watch,0.6931471805599453
inve,2.0794415416798357
unemployment,2.0794415416798357
posted,1.3862943611198906
justice,0.9808292530117262
margins,2.0794415416798357
speaking,0.47000362924573563
albuquerque,2.0794415416798357
both,0.47000362924573563
trumpism,2.0794415416798357
decades,1.3862943611198906
less,0.9808292530117262
trumpìkamala,2.0794415416798357
shot,2.0794415416798357
fervent,2.0794415416798357
freedom,2.0794415416798357
florida,0.9808292530117262
democrats,0.9808292530117262
scientist,2.0794415416798357
maps,2.0794415416798357
photo/j,2.0794415416798357
iab,0.28768207245178085
trumpgetty,2.0794415416798357
aka,2.0794415416798357
proposed,0.9808292530117262
$3m,2.0794415416798357
poli,2.0794415416798357
somodevilla/getty,1.3862943611198906
ass,2.0794415416798357
gone,2.0794415416798357
inner,2.0794415416798357
said,0.47000362924573563
causing,1.3862943611198906
bef,2.0794415416798357
relentless,2.0794415416798357
he,0.28768207245178085
steve,2.0794415416798357
address,0.9808292530117262
starts,2.0794415416798357
bomb,2.0794415416798357
extent,2.0794415416798357
dems,2.0794415416798357
riveras,2.0794415416798357
mcgraw,2.0794415416798357
jobs,0.9808292530117262
ban,1.3862943611198906
what,0.13353139262452257
themselves,2.0794415416798357
platform,0.9808292530117262
cards,2.0794415416798357
am,0.9808292530117262
biggest,0.9808292530117262
mean,0.6931471805599453
panned,2.0794415416798357
independence,1.3862943611198906
doling,2.0794415416798357
dont,0.9808292530117262
lady,2.0794415416798357
finally,2.0794415416798357
racism,1.3862943611198906
podcaster,2.0794415416798357
kamala,0.47000362924573563
podcast,0.9808292530117262
followed,2.0794415416798357
leaders,0.6931471805599453
lay,2.0794415416798357
endorsement,2.0794415416798357
alongside,1.3862943611198906
percentage,2.0794415416798357
again,0.6931471805599453
men,0.6931471805599453
supervisor,1.3862943611198906
bosa,2.0794415416798357
jd,1.3862943611198906
van,2.0794415416798357
episode,1.3862943611198906
patel,1.3862943611198906
transcript,2.0794415416798357
end,0.6931471805599453
still,0.6931471805599453
features,2.0794415416798357
helped,0.9808292530117262
somebody,2.0794415416798357
trumpwho,2.0794415416798357
argued,1.3862943611198906
essentially,2.0794415416798357
behavior,2.0794415416798357
controversial,0.6931471805599453
wouldnt,1.3862943611198906
jurists,2.0794415416798357
going,0.9808292530117262
way,0.6931471805599453
arrives,2.0794415416798357
so,0.47000362924573563
close,1.3862943611198906
club,1.3862943611198906
invested,2.0794415416798357
trap,2.0794415416798357
defensive,2.0794415416798357
made,0.47000362924573563
anti-trump,2.0794415416798357
sending,0.9808292530117262
squirms,2.0794415416798357
backfires,1.3862943611198906
lines,1.3862943611198906
vehicle,1.3862943611198906
[+],1.3862943611198906
registered,2.0794415416798357
pull,2.0794415416798357
chevron,2.0794415416798357
bowen,2.0794415416798357
surprised,2.0794415416798357
news/ipsos,2.0794415416798357
southwest,2.0794415416798357
using,0.47000362924573563
politics,2.0794415416798357
tucker,1.3862943611198906
comedians,1.3862943611198906
transparency,0.28768207245178085
exception,2.0794415416798357
campai,2.0794415416798357
often,1.3862943611198906
answer,2.0794415416798357
major,0.6931471805599453
disaster,2.0794415416798357
yorker,2.0794415416798357
talking,0.9808292530117262
merchan,1.3862943611198906
iconic,2.0794415416798357
cohen,2.0794415416798357
thomas,2.0794415416798357
space,2.0794415416798357
substantial,2.0794415416798357
should,1.3862943611198906
starkly,1.3862943611198906
declined,2.0794415416798357
execs,1.3862943611198906
doornail,2.0794415416798357
walkout,2.0794415416798357
declared,2.0794415416798357
begin,1.3862943611198906
hurt,2.0794415416798357
experience,2.0794415416798357
believed,2.0794415416798357
270,1.3862943611198906
thrown,2.0794415416798357
t,0.9808292530117262
advance,2.0794415416798357
remain,1.3862943611198906
launched,2.0794415416798357
taylor,2.0794415416798357
select,1.3862943611198906
conventionjason,2.0794415416798357
july,0.9808292530117262
ranks,2.0794415416798357
published,1.3862943611198906
scientific,2.0794415416798357
womens,1.3862943611198906
chip,2.0794415416798357
decide,2.0794415416798357
hard,2.0794415416798357
electing,2.0794415416798357
sticking,2.0794415416798357
woman,0.6931471805599453
projections,2.0794415416798357
whats,0.28768207245178085
access,0.13353139262452257
fascist,2.0794415416798357
comes,0.6931471805599453
growth,2.0794415416798357
entrepreneur,1.3862943611198906
presidents,1.3862943611198906
ads,1.3862943611198906
seated,2.0794415416798357
excerpted,2.0794415416798357
designated,2.0794415416798357
robert,1.3862943611198906
regular,2.0794415416798357
challenge,0.9808292530117262
altercation,2.0794415416798357
doesnt,0.6931471805599453
unprecedented,0.9808292530117262
drum,2.0794415416798357
hostins,2.0794415416798357
understand,1.3862943611198906
dozen,1.3862943611198906
upto,2.0794415416798357
spend,1.3862943611198906
feel,2.0794415416798357
rallys,2.0794415416798357
trump-musk,0.9808292530117262
involve,2.0794415416798357
guides,1.3862943611198906
himself,0.6931471805599453
road,1.3862943611198906
circle,2.0794415416798357
hilariously,2.0794415416798357
resigns,2.0794415416798357
somewhat,2.0794415416798357
coco,2.0794415416798357
longer,1.3862943611198906
(yes,2.0794415416798357
hold,1.3862943611198906
eva,2.0794415416798357
potential,0.28768207245178085
classified,2.0794415416798357
viewed,2.0794415416798357
dept,0.9808292530117262
hilarious,2.0794415416798357
skip,1.3862943611198906
investments,2.0794415416798357
ripping,2.0794415416798357
attending,1.3862943611198906
did,0.9808292530117262
point,0.9808292530117262
video,0.6931471805599453
sorts,2.0794415416798357
49ers,2.0794415416798357
schedule,2.0794415416798357
hinchcliffe,0.9808292530117262
because,0.6931471805599453
spending,0.6931471805599453
normal,2.0794415416798357
urges,2.0794415416798357
44,2.0794415416798357
signs,1.3862943611198906
mismanagement,2.0794415416798357
surpass,2.0794415416798357
deserves,1.3862943611198906
avoid,1.3862943611198906
opportunities,2.0794415416798357
loudest,2.0794415416798357
heritage,2.0794415416798357
states<,2.0794415416798357
states,0.28768207245178085
friend,1.3862943611198906
paths,2.0794415416798357
former,0.13353139262452257
compared,1.3862943611198906
<u,2.0794415416798357
leads,1.3862943611198906
pitch,2.0794415416798357
message,0.47000362924573563
snapped,2.0794415416798357
moonwalker,2.0794415416798357
balances,2.0794415416798357
unmitigated,2.0794415416798357
best,0.9808292530117262
southern,1.3862943611198906
january,0.6931471805599453
mad,2.0794415416798357
worries,1.3862943611198906
young,0.6931471805599453
scathing,2.0794415416798357
gambit,2.0794415416798357
third,2.0794415416798357
long,1.3862943611198906
i-hope-you-like-being-ripped-off-by-comcast,2.0794415416798357
knuckling,2.0794415416798357
rallies,1.3862943611198906
based,2.0794415416798357
remarkable,2.0794415416798357
later,0.9808292530117262
now,0.47000362924573563
posse,2.0794415416798357
unable,2.0794415416798357
reasons,2.0794415416798357
test,1.3862943611198906
ai,0.28768207245178085
standing,1.3862943611198906
hackish,2.0794415416798357
trail,0.6931471805599453
threshold,2.0794415416798357
capital,2.0794415416798357
impassioned,2.0794415416798357
237,0.28768207245178085
wherever,2.0794415416798357
rubio,1.3862943611198906
range,0.9808292530117262
supporters,1.3862943611198906
blackstone,2.0794415416798357
terms,2.0794415416798357
ties,2.0794415416798357
dad,2.0794415416798357
story,0.6931471805599453
kam,2.0794415416798357
reiterating,2.0794415416798357
maya,2.0794415416798357
dropped,1.3862943611198906
shown,2.0794415416798357
public,0.47000362924573563
pets,2.0794415416798357
vincent,2.0794415416798357
jones,1.3862943611198906
november,0.28768207245178085
largely,1.3862943611198906
notable,2.0794415416798357
curry,2.0794415416798357
traditionally,2.0794415416798357
americans,0.9808292530117262
nfl,2.0794415416798357
apollo,2.0794415416798357
cottom,2.0794415416798357
world,0.28768207245178085
ohio,1.3862943611198906
spent,1.3862943611198906
sunday,0.28768207245178085
look,0.9808292530117262
texting,2.0794415416798357
issued,1.3862943611198906
placing,1.3862943611198906
daily,0.9808292530117262
luzerne,2.0794415416798357
oval,1.3862943611198906
efficient,2.0794415416798357
blame,2.0794415416798357
comedy,1.3862943611198906
throughout,1.3862943611198906
eating,2.0794415416798357
values,2.0794415416798357
much,0.9808292530117262
players,2.0794415416798357
column,2.0794415416798357
popular,0.9808292530117262
per,1.3862943611198906
rachel,2.0794415416798357
finger-pointing,2.0794415416798357
files,2.0794415416798357
there,0.6931471805599453
workers,0.6931471805599453
stat,2.0794415416798357
unpaid,2.0794415416798357
bully,2.0794415416798357
french,1.3862943611198906
presence,2.0794415416798357
tradition,1.3862943611198906
expect,0.9808292530117262
associated,2.0794415416798357
return,0.28768207245178085
ticking,2.0794415416798357
optimistic,1.3862943611198906
similar,0.9808292530117262
telling,2.0794415416798357
starting,1.3862943611198906
tendencies,2.0794415416798357
chris,1.3862943611198906
endlessly,2.0794415416798357
typical,2.0794415416798357
1892,2.0794415416798357
survivors,2.0794415416798357
hinchcliffes,1.3862943611198906
scripted,2.0794415416798357
against,0.6931471805599453
predicts,2.0794415416798357
interest,1.3862943611198906
degrees,2.0794415416798357
off,0.6931471805599453
since,0.6931471805599453
introducing,2.0794415416798357
tip,1.3862943611198906
helps,0.28768207245178085
dead,1.3862943611198906
heats,2.0794415416798357
golden,1.3862943611198906
sticks,2.0794415416798357
vermont,2.0794415416798357
at&ampt,2.0794415416798357
few,0.9808292530117262
getty,0.47000362924573563
divisions,2.0794415416798357
mar-a-lago,1.3862943611198906
advisers,0.9808292530117262
correspondent,1.3862943611198906
nauseously,2.0794415416798357
op-ed,2.0794415416798357
round,2.0794415416798357
broadcast,2.0794415416798357
groveling,2.0794415416798357
825,2.0794415416798357
good,0.6931471805599453
alive,2.0794415416798357
passionate,2.0794415416798357
endorse,2.0794415416798357
bide,2.0794415416798357
season,2.0794415416798357
long-term,1.3862943611198906
crowd,2.0794415416798357
hispanic-majority,2.0794415416798357
retirement,2.0794415416798357
tell,1.3862943611198906
eagles,2.0794415416798357
misconduct,1.3862943611198906
cutt,2.0794415416798357
surviving,2.0794415416798357
supermajority,2.0794415416798357
2nd,0.9808292530117262
miserable,2.0794415416798357
newsweek,2.0794415416798357
geraldo,2.0794415416798357
writers,2.0794415416798357
bezos,2.0794415416798357
li,2.0794415416798357
kennedy,1.3862943611198906
keeps,1.3862943611198906
shook,2.0794415416798357
hoping,1.3862943611198906
discontent,1.3862943611198906
returning,2.0794415416798357
paul,1.3862943611198906
display,2.0794415416798357
tied,2.0794415416798357
full,1.3862943611198906
projects,2.0794415416798357
obamas,2.0794415416798357
book,1.3862943611198906
critical,2.0794415416798357
participate,2.0794415416798357
october,0.9808292530117262
indeed,2.0794415416798357
ale,2.0794415416798357
celebrate,2.0794415416798357
pledges,2.0794415416798357
turn,2.0794415416798357
family,1.3862943611198906
aint,2.0794415416798357
blueprint,1.3862943611198906
headwinds,2.0794415416798357
hosted,2.0794415416798357
beach,0.9808292530117262
last-minute,2.0794415416798357
cant,1.3862943611198906
filing,2.0794415416798357
image,2.0794415416798357
rescinding,2.0794415416798357
fla,2.0794415416798357
bar,2.0794415416798357
meet,1.3862943611198906
embrace,1.3862943611198906
news,0.47000362924573563
show,0.9808292530117262
upon,2.0794415416798357
voting,0.9808292530117262
el,1.3862943611198906
herself,2.0794415416798357
2024,0.28768207245178085
attention,2.0794415416798357
minimal,2.0794415416798357
advancement,2.0794415416798357
graham,1.3862943611198906
snl,1.3862943611198906
surging,2.0794415416798357
hand,0.6931471805599453
electionap,2.0794415416798357
frontman,2.0794415416798357
ticket,1.3862943611198906
landslide,2.0794415416798357
says,0.28768207245178085
open,0.6931471805599453
ricans,1.3862943611198906
industrys,1.3862943611198906
immigration,0.6931471805599453
accept,0.28768207245178085
understandably,2.0794415416798357
project,1.3862943611198906
constitution,2.0794415416798357
acc,1.3862943611198906
wh,2.0794415416798357
sure,2.0794415416798357
ceo,0.6931471805599453
vain,2.0794415416798357
comparisons,2.0794415416798357
betting,1.3862943611198906
clock,1.3862943611198906
item,2.0794415416798357
howard,1.3862943611198906
hands,2.0794415416798357
comments,0.6931471805599453
celebrating,2.0794415416798357
spotify,2.0794415416798357
bid,1.3862943611198906
drawing,2.0794415416798357
significant,0.9808292530117262
my,1.3862943611198906
where,0.47000362924573563
father,0.9808292530117262
represent,2.0794415416798357
swing,0.9808292530117262
shit,2.0794415416798357
built,1.3862943611198906
looking,0.9808292530117262
judges,0.9808292530117262
host,1.3862943611198906
18,2.0794415416798357
homes,2.0794415416798357
anthony,2.0794415416798357
match,0.47000362924573563
stole,2.0794415416798357
local,2.0794415416798357
hurricane,1.3862943611198906
terry,2.0794415416798357
speech,0.9808292530117262
roberts,2.0794415416798357
promises,2.0794415416798357
tuition,2.0794415416798357
different,0.6931471805599453
agent,2.0794415416798357
jennifer,2.0794415416798357
latest,0.6931471805599453
wait,2.0794415416798357
brand,2.0794415416798357
tall,2.0794415416798357
moist,2.0794415416798357
conor,2.0794415416798357
explaining,2.0794415416798357
arguments,1.3862943611198906
kash,2.0794415416798357
ricos,2.0794415416798357
projection,2.0794415416798357
brief,1.3862943611198906
zegler,2.0794415416798357
dumbest,1.3862943611198906
halloween,2.0794415416798357
x,0.9808292530117262
register,1.3862943611198906
discretionary,2.0794415416798357
finish,2.0794415416798357
table,1.3862943611198906
grandma,2.0794415416798357
baron,2.0794415416798357
extending,2.0794415416798357
overcome,2.0794415416798357
management,0.9808292530117262
lot,1.3862943611198906
things,2.0794415416798357
inst,2.0794415416798357
whether,0.6931471805599453
proved,2.0794415416798357
react,2.0794415416798357
when,0.28768207245178085
6,1.3862943611198906
assault,2.0794415416798357
at,0.13353139262452257
newsweekcom,2.0794415416798357
loyal,2.0794415416798357
me,1.3862943611198906
mcgregor,2.0794415416798357
prosperity,2.0794415416798357
san,2.0794415416798357
9000,2.0794415416798357
hopes,1.3862943611198906
ambassador,1.3862943611198906
j,0.9808292530117262
screen,2.0794415416798357
fo,2.0794415416798357
joy,2.0794415416798357
here,0.28768207245178085
clevelands,2.0794415416798357
market,0.9808292530117262
played,2.0794415416798357
huffpost,1.3862943611198906
storied,2.0794415416798357
incorporating,2.0794415416798357
evangelicals,1.3862943611198906
all,0.28768207245178085
latina,2.0794415416798357
out,0.13353139262452257
counters,2.0794415416798357
unlikely,2.0794415416798357
commerce,1.3862943611198906
battlegr,2.0794415416798357
this,0.28768207245178085
final,0.6931471805599453
overcame,2.0794415416798357
partners,0.28768207245178085
gotten,2.0794415416798357
officials,1.3862943611198906
impact,0.9808292530117262
bills,2.0794415416798357
protect,0.47000362924573563
team,0.9808292530117262
info,0.47000362924573563
billy,2.0794415416798357
michigan,1.3862943611198906
offended,2.0794415416798357
issues,0.6931471805599453
package,2.0794415416798357
allegiance,2.0794415416798357
them,1.3862943611198906
endorsements,1.3862943611198906
ire,2.0794415416798357
television,2.0794415416798357
forward,2.0794415416798357
opus,2.0794415416798357
widespread,2.0794415416798357
house,0.28768207245178085
people,0.6931471805599453
reading,1.3862943611198906
galen,2.0794415416798357
moneymaker/getty,1.3862943611198906
vocals,2.0794415416798357
albanese,2.0794415416798357
month,0.9808292530117262
motivate,2.0794415416798357
nasas,2.0794415416798357
courage,2.0794415416798357
hate,2.0794415416798357
carolina,2.0794415416798357
narrowing,2.0794415416798357
clarifies,2.0794415416798357
cook,2.0794415416798357
doubt,2.0794415416798357
presidential,0.28768207245178085
conservati,2.0794415416798357
flexing,2.0794415416798357
among,0.9808292530117262
moments,2.0794415416798357
resigned,2.0794415416798357
asking,0.9808292530117262
longoria,2.0794415416798357
told,0.47000362924573563
projected,0.9808292530117262
expanded,2.0794415416798357
game,1.3862943611198906
product,2.0794415416798357
across,0.47000362924573563
violent,0.9808292530117262
arm,2.0794415416798357
billions,1.3862943611198906
south,0.9808292530117262
certainly,2.0794415416798357
impression,2.0794415416798357
mention,2.0794415416798357
praises,1.3862943611198906
celebrations,2.0794415416798357
come,0.6931471805599453
chorus,2.0794415416798357
splits,2.0794415416798357
deliver,1.3862943611198906
believe,2.0794415416798357
todays,0.9808292530117262
closed,1.3862943611198906
consent,0.28768207245178085
resounding,2.0794415416798357
present,2.0794415416798357
e,2.0794415416798357
frenzied,2.0794415416798357
le,2.0794415416798357
decided,2.0794415416798357
encouraged,2.0794415416798357
uneducated,2.0794415416798357
social,0.6931471805599453
mcgillins,2.0794415416798357
útough,2.0794415416798357
stood,2.0794415416798357
stupid,2.0794415416798357
86%,2.0794415416798357
really,1.3862943611198906
list,0.6931471805599453
cycle,1.3862943611198906
chief,0.6931471805599453
experiencegenerate,0.47000362924573563
images,0.28768207245178085
seriously,2.0794415416798357
record,0.6931471805599453
interfering,2.0794415416798357
las,2.0794415416798357
just,0.47000362924573563
conservative,1.3862943611198906
jake,1.3862943611198906
theres,0.9808292530117262
pundits,2.0794415416798357
map,2.0794415416798357
2025,0.6931471805599453
institutionalist,2.0794415416798357
stallone,2.0794415416798357
bill,1.3862943611198906
credited,2.0794415416798357
ahead,0.6931471805599453
decisive,2.0794415416798357
garden,0.6931471805599453
pennsylvania,0.28768207245178085
populace,2.0794415416798357
accusations,2.0794415416798357
leader,1.3862943611198906
impromptu,2.0794415416798357
although,1.3862943611198906
immunity,2.0794415416798357
angeles,1.3862943611198906
mistakes,0.47000362924573563
eastern,2.0794415416798357
concedes,2.0794415416798357
spectacularly,2.0794415416798357
strategist,2.0794415416798357
phone,0.9808292530117262
george,2.0794415416798357
took,0.6931471805599453
fema,1.3862943611198906
voice,2.0794415416798357
gather,2.0794415416798357
speak,1.3862943611198906
booth,2.0794415416798357
congratulations,2.0794415416798357
words,0.28768207245178085
shared,1.3862943611198906
comedian,0.9808292530117262
racist,0.9808292530117262
head,0.47000362924573563
assaulting,2.0794415416798357
radically,2.0794415416798357
claim,1.3862943611198906
passed,1.3862943611198906
19,2.0794415416798357
deletes,2.0794415416798357
pm,1.3862943611198906
groused,2.0794415416798357
problematic,2.0794415416798357
concerned,2.0794415416798357
harriss,1.3862943611198906
chang-rodriguez/bi,1.3862943611198906
smooth,2.0794415416798357
takedown,2.0794415416798357
bet,2.0794415416798357
cardi,2.0794415416798357
laying,1.3862943611198906
far-right,2.0794415416798357
include,2.0794415416798357
ever,0.9808292530117262
cathy,2.0794415416798357
handwringing,2.0794415416798357
apologizes,2.0794415416798357
debating,2.0794415416798357
conducting,2.0794415416798357
ex,1.3862943611198906
11,1.3862943611198906
advertisement,2.0794415416798357
over,0.13353139262452257
vladimir,1.3862943611198906
than,0.47000362924573563
crisscross,2.0794415416798357
whos,1.3862943611198906
rico-slandering,2.0794415416798357
center,1.3862943611198906
three,0.47000362924573563
commending,2.0794415416798357
griffin,1.3862943611198906
tens,1.3862943611198906
billionaire,0.6931471805599453
care,0.9808292530117262
legacy,2.0794415416798357
west,1.3862943611198906
revenge,2.0794415416798357
since-deleted,2.0794415416798357
prevailed,2.0794415416798357
puerto,0.9808292530117262
device,0.28768207245178085
women,0.9808292530117262
basically,2.0794415416798357
philadelphia,1.3862943611198906
fìk,2.0794415416798357
try,0.9808292530117262
*,2.0794415416798357
double,0.9808292530117262
stage,0.9808292530117262
turning,1.3862943611198906
isol,2.0794415416798357
scrambling,1.3862943611198906
architect,2.0794415416798357
filling,1.3862943611198906
post-election,2.0794415416798357
wasp,2.0794415416798357
loyalty,2.0794415416798357
use,0.28768207245178085
explorers,2.0794415416798357
roundtable,2.0794415416798357
article,0.47000362924573563
run,0.9808292530117262
stand,0.9808292530117262
general,0.9808292530117262
ceos,1.3862943611198906
subscribeapple,2.0794415416798357
jersey,1.3862943611198906
obstacles,1.3862943611198906
warning,1.3862943611198906
means,0.28768207245178085
phoenix,2.0794415416798357
supporting,1.3862943611198906
roaring,2.0794415416798357
perennially,2.0794415416798357
university,1.3862943611198906
simpsons,2.0794415416798357
legendary,1.3862943611198906
according,0.6931471805599453
meyers,2.0794415416798357
juggalos,2.0794415416798357
mounti,2.0794415416798357
force,0.9808292530117262
talks,1.3862943611198906
elect,1.3862943611198906
rely,2.0794415416798357
claiming,1.3862943611198906
right-wing,2.0794415416798357
tweets,2.0794415416798357
27,2.0794415416798357
weve,1.3862943611198906
neutrality,2.0794415416798357
push,0.9808292530117262
smiling,2.0794415416798357
rise,1.3862943611198906
buddy,1.3862943611198906
carlson,1.3862943611198906
mcmillan,2.0794415416798357
work,0.6931471805599453
wholly,2.0794415416798357
secretary,0.6931471805599453
deal,1.3862943611198906
forced,2.0794415416798357
extreme,2.0794415416798357
alone,2.0794415416798357
been,0.28768207245178085
economy,0.9808292530117262
shouldnt,2.0794415416798357
pressed,2.0794415416798357
contrasting,2.0794415416798357
why,0.47000362924573563
selection,0.9808292530117262
backing,2.0794415416798357
antecedent,2.0794415416798357
role,0.9808292530117262
their,0.47000362924573563
atlanta,1.3862943611198906
moderate,1.3862943611198906
elector,2.0794415416798357
course,1.3862943611198906
by,0.28768207245178085
musician,1.3862943611198906
board,1.3862943611198906
son,1.3862943611198906
following,0.9808292530117262
any,0.47000362924573563
dana,1.3862943611198906
extremist,2.0794415416798357
lead,0.6931471805599453
seizes,2.0794415416798357
&amp,0.28768207245178085
showing,1.3862943611198906
uncertain,2.0794415416798357
advising,2.0794415416798357
seth,2.0794415416798357
nicky,2.0794415416798357
pastor,2.0794415416798357
hair,2.0794415416798357
important,0.47000362924573563
wall,0.6931471805599453
political,0.6931471805599453
abc,0.9808292530117262
los,1.3862943611198906
auditorium,2.0794415416798357
york,0.28768207245178085
discover,1.3862943611198906
thanked,2.0794415416798357
toward,0.47000362924573563
pennsylv,2.0794415416798357
allies,0.6931471805599453
two,0.28768207245178085
jenna,2.0794415416798357
before,0.28768207245178085
poised,0.9808292530117262
jr,0.6931471805599453
sucked,2.0794415416798357
krust,2.0794415416798357
cont,2.0794415416798357
about,0.28768207245178085
recommendations,2.0794415416798357
african,2.0794415416798357
latin,2.0794415416798357
cl,2.0794415416798357
boost,2.0794415416798357
providence,2.0794415416798357
lopez,2.0794415416798357
defense,0.6931471805599453
exit,2.0794415416798357
insane,2.0794415416798357
includes,2.0794415416798357
king,1.3862943611198906
preserve,2.0794415416798357
real,0.6931471805599453
believes,2.0794415416798357
adminis,2.0794415416798357
arrested,2.0794415416798357
certify,2.0794415416798357
faith,2.0794415416798357
street,0.6931471805599453
community,1.3862943611198906
texas,0.6931471805599453
flouted,2.0794415416798357
charlotte-born,2.0794415416798357
represented,1.3862943611198906
no,0.13353139262452257
shocking,2.0794415416798357
60,2.0794415416798357
destroys,1.3862943611198906
úhe,2.0794415416798357
relief,1.3862943611198906
2,2.0794415416798357
reader,2.0794415416798357
posts,1.3862943611198906
r,0.9808292530117262
focused,1.3862943611198906
transition,0.47000362924573563
collection,2.0794415416798357
hayes,2.0794415416798357
nomination,1.3862943611198906
wielding,2.0794415416798357
result,2.0794415416798357
ballots,1.3862943611198906
called,0.9808292530117262
kentucky,2.0794415416798357
wi,2.0794415416798357
exact,2.0794415416798357
powers,2.0794415416798357
seeking,1.3862943611198906
tressie,2.0794415416798357
state,0.47000362924573563
parents,2.0794415416798357
2017,2.0794415416798357
raucous,2.0794415416798357
vegas,2.0794415416798357
historic,2.0794415416798357
friday,0.47000362924573563
american,0.6931471805599453
fun,2.0794415416798357
detroit,2.0794415416798357
serve,1.3862943611198906
interference,2.0794415416798357
coverage,0.9808292530117262
may,0.13353139262452257
economic,0.6931471805599453
trump-supporting,2.0794415416798357
recommends,0.9808292530117262
presi,1.3862943611198906
expects,2.0794415416798357
0459,2.0794415416798357
engage,1.3862943611198906
fighter,1.3862943611198906
polices,2.0794415416798357
sits,2.0794415416798357
endorsed,2.0794415416798357
yangs,2.0794415416798357
didnt,0.9808292530117262
apple,1.3862943611198906
fusco,2.0794415416798357
difference,2.0794415416798357
pushing,2.0794415416798357
úfuck,2.0794415416798357
jenny,1.3862943611198906
times,0.6931471805599453
better,1.3862943611198906
concerns,2.0794415416798357
backlit,2.0794415416798357
reno,2.0794415416798357
reggaeton,2.0794415416798357
including,0.13353139262452257
framework,0.28768207245178085
pretty,1.3862943611198906
údemocracy,2.0794415416798357
stronghold,2.0794415416798357
famous,1.3862943611198906
rfk,0.6931471805599453
spain,2.0794415416798357
chatting,2.0794415416798357
dave,2.0794415416798357
fade,2.0794415416798357
makes,2.0794415416798357
moment,1.3862943611198906
want,1.3862943611198906
reshaped,2.0794415416798357
cheekily,2.0794415416798357
offici,2.0794415416798357
theyll,2.0794415416798357
methodology,2.0794415416798357
hurricane-ravaged,2.0794415416798357
takeaways,0.47000362924573563
stopped,2.0794415416798357
common,1.3862943611198906
boot,2.0794415416798357
relying,2.0794415416798357
coalition,2.0794415416798357
threatened,2.0794415416798357
joke,2.0794415416798357
losing,1.3862943611198906
safe,2.0794415416798357
grandson,2.0794415416798357
allegations,1.3862943611198906
votes,0.47000362924573563
nearby,2.0794415416798357
count,1.3862943611198906
subvert,2.0794415416798357
initiatives,2.0794415416798357
birthday,2.0794415416798357
lose,2.0794415416798357
ephemera,2.0794415416798357
bizarrely,2.0794415416798357
system,1.3862943611198906
dove,2.0794415416798357
tony,0.9808292530117262
attributed,2.0794415416798357
baby,1.3862943611198906
meeting,1.3862943611198906
wake,0.9808292530117262
cuban,2.0794415416798357
vice,0.47000362924573563
roles,0.9808292530117262
elon,0.6931471805599453
helping,1.3862943611198906
advice,1.3862943611198906
crucial,2.0794415416798357
politically,2.0794415416798357
think,0.6931471805599453
420,2.0794415416798357
instead,2.0794415416798357
mail-in,1.3862943611198906
pounded,2.0794415416798357
inbox,1.3862943611198906
pressing,2.0794415416798357
photo,1.3862943611198906
con,1.3862943611198906
cleans,2.0794415416798357
advantage,2.0794415416798357
soon-to-be,2.0794415416798357
michael,0.9808292530117262
perceived,1.3862943611198906
czar,2.0794415416798357
evening,2.0794415416798357
walk,1.3862943611198906
matt,0.9808292530117262
armond/los,2.0794415416798357
date,2.0794415416798357
watching,1.3862943611198906
tomorrow,2.0794415416798357
war,0.6931471805599453
absolutely,1.3862943611198906
headed,2.0794415416798357
more,0.28768207245178085
sons,2.0794415416798357
crossing,2.0794415416798357
late,0.9808292530117262
fraud,1.3862943611198906
v,0.9808292530117262
polling,2.0794415416798357
p,0.6931471805599453
taking,0.9808292530117262
10,0.6931471805599453
policy,0.6931471805599453
johnson,1.3862943611198906
boosts,1.3862943611198906
greenberg,2.0794415416798357
avid,2.0794415416798357
cheers,2.0794415416798357
enright,2.0794415416798357
mars,2.0794415416798357
study,2.0794415416798357
democracy,1.3862943611198906
calculus,2.0794415416798357
opens,2.0794415416798357
lost,1.3862943611198906
capable,1.3862943611198906
clear,0.6931471805599453
survey,2.0794415416798357
prime,1.3862943611198906
person,0.9808292530117262
531,2.0794415416798357
heard,2.0794415416798357
dark,2.0794415416798357
city,0.6931471805599453
they,0.6931471805599453
manchin,2.0794415416798357
right),2.0794415416798357
battleground,1.3862943611198906
google,1.3862943611198906
thinking,1.3862943611198906
reelection,0.9808292530117262
<,1.3862943611198906
immense,2.0794415416798357
bunny,2.0794415416798357
suspected,2.0794415416798357
imp,1.3862943611198906
mike,0.6931471805599453
obama,2.0794415416798357
works,1.3862943611198906
hostin,2.0794415416798357
cloud,1.3862943611198906
mass,1.3862943611198906
buzzfeed,1.3862943611198906
rebuke,2.0794415416798357
peaceful,2.0794415416798357
braces,2.0794415416798357
investigation,2.0794415416798357
sunny,2.0794415416798357
phone-bankers,2.0794415416798357
fires,1.3862943611198906
82-year-old,2.0794415416798357
comeback,2.0794415416798357
well-being,2.0794415416798357
raw,2.0794415416798357
moving,2.0794415416798357
interpret,2.0794415416798357
reveal,2.0794415416798357
grievance,2.0794415416798357
pieces,2.0794415416798357
opinion,0.9808292530117262
coming,1.3862943611198906
christian,2.0794415416798357
cent,2.0794415416798357
call,0.6931471805599453
heads,1.3862943611198906
abortion,1.3862943611198906
impersonation,2.0794415416798357
de,0.9808292530117262
competitive,2.0794415416798357
agains,2.0794415416798357
court,0.47000362924573563
$100,2.0794415416798357
haitian,2.0794415416798357
peter,2.0794415416798357
swelling,2.0794415416798357
astronaut,2.0794415416798357
vox,2.0794415416798357
response,2.0794415416798357
bitterly,2.0794415416798357
vucci,2.0794415416798357
personality,1.3862943611198906
dumb,2.0794415416798357
behind,0.9808292530117262
shows,0.6931471805599453
tradwives,2.0794415416798357
suburban,1.3862943611198906
helmuth,2.0794415416798357
tmz,2.0794415416798357
bonkers,2.0794415416798357
morrison,2.0794415416798357
divided,2.0794415416798357
hot,2.0794415416798357
memes,2.0794415416798357
running,0.9808292530117262
exotic,2.0794415416798357
weekend,1.3862943611198906
ugly,2.0794415416798357
same,1.3862943611198906
fcc,1.3862943611198906
david,1.3862943611198906
spirals,2.0794415416798357
wo,1.3862943611198906
highlight,2.0794415416798357
also,0.13353139262452257
bluesky,2.0794415416798357
outgoing,2.0794415416798357
30,2.0794415416798357
business,0.6931471805599453
et,0.6931471805599453
liberals,2.0794415416798357
electionanna,2.0794415416798357
media,0.47000362924573563
wins,0.6931471805599453
healthy,2.0794415416798357
nyc,2.0794415416798357
$3,2.0794415416798357
down,0.28768207245178085
read,2.0794415416798357
ongoing,1.3862943611198906
or,0.47000362924573563
swung,2.0794415416798357
music,2.0794415416798357
fusaro,2.0794415416798357
prom,2.0794415416798357
content,1.3862943611198906
neared,2.0794415416798357
having,0.6931471805599453
tool,2.0794415416798357
once,0.47000362924573563
desantis,1.3862943611198906
early,0.9808292530117262
takes,0.6931471805599453
fec,2.0794415416798357
struggles,2.0794415416798357
powerful,0.6931471805599453
comparing,2.0794415416798357
get,0.47000362924573563
rudolphs,2.0794415416798357
shortly,1.3862943611198906
several,0.47000362924573563
mate,1.3862943611198906
debates,2.0794415416798357
version,1.3862943611198906
congratulating,2.0794415416798357
her,0.47000362924573563
neck-and-neck,2.0794415416798357
2022,1.3862943611198906
cheating,2.0794415416798357
<l,2.0794415416798357
killed,0.9808292530117262
apology,2.0794415416798357
low,2.0794415416798357
dts,2.0794415416798357
searches,2.0794415416798357
ride,2.0794415416798357
worked,2.0794415416798357
task,1.3862943611198906
excitement,2.0794415416798357
trillion,1.3862943611198906
tim,2.0794415416798357
scorches,2.0794415416798357
valley,1.3862943611198906
roast,1.3862943611198906
heel,2.0794415416798357
smith,2.0794415416798357
dc,1.3862943611198906
replied,2.0794415416798357
via,0.47000362924573563
follows,2.0794415416798357
bloc,2.0794415416798357
catholic,2.0794415416798357
old,0.6931471805599453
biracial,2.0794415416798357
fired,2.0794415416798357
mental,2.0794415416798357
fas,2.0794415416798357
triumph,2.0794415416798357
blasting,2.0794415416798357
appeared,0.47000362924573563
manufacturing,1.3862943611198906
sen,0.9808292530117262
overhaul,1.3862943611198906
vance,1.3862943611198906
pledge,1.3862943611198906
relocated,2.0794415416798357
promoting,1.3862943611198906
let,1.3862943611198906
resuming,2.0794415416798357
prepare,1.3862943611198906
bring,1.3862943611198906
anything,1.3862943611198906
nov,1.3862943611198906
roll,0.9808292530117262
pose,2.0794415416798357
information,0.28768207245178085
hide,2.0794415416798357
jab,2.0794415416798357
refusing,1.3862943611198906
pivot,2.0794415416798357
úisland,2.0794415416798357
emergency,0.9808292530117262
rico,1.3862943611198906
fans,2.0794415416798357
thiel,2.0794415416798357
becoming,1.3862943611198906
failed,0.9808292530117262
citys,0.9808292530117262
sally,2.0794415416798357
megalomaniac,2.0794415416798357
reaction,2.0794415416798357
abo,2.0794415416798357
move,0.9808292530117262
scott,1.3862943611198906
maga,1.3862943611198906
realize,2.0794415416798357
foreign,0.9808292530117262
georgia,0.9808292530117262
doors,2.0794415416798357
blessed,2.0794415416798357
ripped,2.0794415416798357
campaigns,2.0794415416798357
being,0.6931471805599453
landing,2.0794415416798357
thought,2.0794415416798357
(r-fl),2.0794415416798357
showcasing,2.0794415416798357
cringe,2.0794415416798357
schwarzman,2.0794415416798357
labeling,2.0794415416798357
$2,1.3862943611198906
wish,2.0794415416798357
yard,2.0794415416798357
influence,0.9808292530117262
gay,2.0794415416798357
line,0.9808292530117262
transit,2.0794415416798357
looks,0.9808292530117262
oldest,2.0794415416798357
year,0.28768207245178085
feet,2.0794415416798357
bit,1.3862943611198906
improve,0.47000362924573563
americas,0.6931471805599453
campus,2.0794415416798357
emotional,2.0794415416798357
key,0.13353139262452257
olde,2.0794415416798357
electoral,0.9808292530117262
cold,2.0794415416798357
lindsey,1.3862943611198906
never,0.9808292530117262
musk,0.6931471805599453
already,0.47000362924573563
russian,1.3862943611198906
occupying,2.0794415416798357
do,0.47000362924573563
college,2.0794415416798357
editor,2.0794415416798357
retaliation,2.0794415416798357
toni,2.0794415416798357
50-50,2.0794415416798357
fake,2.0794415416798357
entire,1.3862943611198906
octagon,2.0794415416798357
phil,2.0794415416798357
president-elects,2.0794415416798357
m,2.0794415416798357
named,0.9808292530117262
daughter,2.0794415416798357
our,0.28768207245178085
stories,0.9808292530117262
reclaim,2.0794415416798357
baptist,1.3862943611198906
right,0.9808292530117262
cleve,2.0794415416798357
events,0.9808292530117262
america,0.6931471805599453
úive,2.0794415416798357
squarely,2.0794415416798357
essential,2.0794415416798357
democrat,1.3862943611198906
moore,2.0794415416798357
part,0.28768207245178085
showed,0.9808292530117262
million,0.9808292530117262
health,0.9808292530117262
electrifying,2.0794415416798357
adult,0.9808292530117262
maher,2.0794415416798357
seized,2.0794415416798357
pro-abortion,2.0794415416798357
sweating,1.3862943611198906
heres,0.28768207245178085
mcconnell,2.0794415416798357
astronauts,2.0794415416798357
grows,2.0794415416798357
putin,1.3862943611198906
sola,2.0794415416798357
5,0.9808292530117262
sacks,2.0794415416798357
neither,2.0794415416798357
party,0.9808292530117262
(bloomberg),1.3862943611198906
foundation,1.3862943611198906
tak,2.0794415416798357
hereth,2.0794415416798357
between,1.3862943611198906
festooned,2.0794415416798357
drawn,1.3862943611198906
musks,0.9808292530117262
hotly,2.0794415416798357
ramped-up,2.0794415416798357
ivanka,2.0794415416798357
gross,2.0794415416798357
dressed,1.3862943611198906
leaves,0.9808292530117262
those,0.47000362924573563
an,0.13353139262452257
nationally,2.0794415416798357
bass-thumping,2.0794415416798357
afternoon,0.9808292530117262
tank,1.3862943611198906
ear,2.0794415416798357
washingtons,2.0794415416798357
cult,2.0794415416798357
offers,1.3862943611198906
saw,1.3862943611198906
gaetzs,1.3862943611198906
matter,1.3862943611198906
palm,1.3862943611198906
complex,2.0794415416798357
instilled,2.0794415416798357
fears,2.0794415416798357
remnick,2.0794415416798357
four,0.9808292530117262
separated,2.0794415416798357
screens,2.0794415416798357
sustained,1.3862943611198906
fast,2.0794415416798357
garbage,0.9808292530117262
conservatives,2.0794415416798357
updates,0.6931471805599453
marco,1.3862943611198906
whammy,2.0794415416798357
heroes,2.0794415416798357
win,0.9808292530117262
candidates,0.9808292530117262
trump-harris,2.0794415416798357
gets,0.9808292530117262
alyssa,2.0794415416798357
generate,0.47000362924573563
blow,2.0794415416798357
held,0.9808292530117262
wednesdays,2.0794415416798357
waiting,1.3862943611198906
mark,0.6931471805599453
ignominy,2.0794415416798357
numerical,2.0794415416798357
adviser,1.3862943611198906
dragging,2.0794415416798357
oakland,2.0794415416798357
confronted,2.0794415416798357
delivered,1.3862943611198906
francisco,2.0794415416798357
only,0.6931471805599453
official,0.9808292530117262
turned,2.0794415416798357
mandate,1.3862943611198906
issue,1.3862943611198906
arguing,2.0794415416798357
responding,0.9808292530117262
reporting,0.28768207245178085
grover,2.0794415416798357
talk,0.9808292530117262
45th,2.0794415416798357
cnn,0.9808292530117262
joined,2.0794415416798357
side,2.0794415416798357
him,0.47000362924573563
(ap),0.9808292530117262
2024ap,2.0794415416798357
pizzas,2.0794415416798357
she,0.47000362924573563
thing,1.3862943611198906
cast,1.3862943611198906
loses,2.0794415416798357
minority,1.3862943611198906
guy,1.3862943611198906
deeper,2.0794415416798357
halt,2.0794415416798357
kicked,2.0794415416798357
trumps,0.28768207245178085
collapse,2.0794415416798357
leadership,2.0794415416798357
working,1.3862943611198906
superior,2.0794415416798357
globe,2.0794415416798357
mcmorris,2.0794415416798357
dr,1.3862943611198906
dance,2.0794415416798357
jonathan,2.0794415416798357
weighing,1.3862943611198906
contested,2.0794415416798357
denies,2.0794415416798357
republicans,0.28768207245178085
agencys,2.0794415416798357
trashes,2.0794415416798357
listen,1.3862943611198906
broken,2.0794415416798357
w,0.6931471805599453
atlantic,1.3862943611198906
note,2.0794415416798357
judiciary,2.0794415416798357
keys,2.0794415416798357
axelrod,2.0794415416798357
given,1.3862943611198906
derailed,2.0794415416798357
primary,2.0794415416798357
gop,0.6931471805599453
net,1.3862943611198906
depend,2.0794415416798357
$130,2.0794415416798357
thursday,0.47000362924573563
stubbornly,2.0794415416798357
september,2.0794415416798357
sylvester,2.0794415416798357
sledding,2.0794415416798357
evolution,2.0794415416798357
minister,0.9808292530117262
truly,2.0794415416798357
47th,1.3862943611198906
sprint,2.0794415416798357
mere,2.0794415416798357
start,1.3862943611198906
seemed,1.3862943611198906
aldrin,2.0794415416798357
countrys,1.3862943611198906
federal,0.28768207245178085
white,0.28768207245178085
sparked,1.3862943611198906
da,2.0794415416798357
comca,2.0794415416798357
army,0.9808292530117262
concession,2.0794415416798357
find,2.0794415416798357
representative,2.0794415416798357
crus,2.0794415416798357
jokes,1.3862943611198906
wright,1.3862943611198906
pop,2.0794415416798357
gained,2.0794415416798357
defined,2.0794415416798357
vances,1.3862943611198906
day,0.28768207245178085
union,0.9808292530117262
activists,2.0794415416798357
jared,2.0794415416798357
refused,2.0794415416798357
900-page,2.0794415416798357
mom,2.0794415416798357
well,0.47000362924573563
b,0.6931471805599453
hours,0.9808292530117262
monday,0.9808292530117262
talked,2.0794415416798357
closing,1.3862943611198906
grew,2.0794415416798357
robust,2.0794415416798357
got,1.3862943611198906
onstage,1.3862943611198906
single,0.9808292530117262
app,1.3862943611198906
implications,2.0794415416798357
grappling,2.0794415416798357
indefinitelypotentially,2.0794415416798357
blue-collar,2.0794415416798357
jan,2.0794415416798357
goes,2.0794415416798357
unger/zuffa,2.0794415416798357
nose,2.0794415416798357
punches,1.3862943611198906
upset,1.3862943611198906
2018,2.0794415416798357
lured,2.0794415416798357
see,0.9808292530117262
conclusively,2.0794415416798357
delayed,2.0794415416798357
dodge,2.0794415416798357
attend,2.0794415416798357
intercept,2.0794415416798357
boosting,2.0794415416798357
individuals,2.0794415416798357
holdings,2.0794415416798357
troops,1.3862943611198906
demands,2.0794415416798357
lawyer,1.3862943611198906
convicted,2.0794415416798357
=,2.0794415416798357
bombed,2.0794415416798357
mich,2.0794415416798357
heels,2.0794415416798357
journal,1.3862943611198906
appearances,2.0794415416798357
foreseeable,2.0794415416798357
required,1.3862943611198906
audience,1.3862943611198906
premise,2.0794415416798357
defends,1.3862943611198906
13,1.3862943611198906
assemble,2.0794415416798357
indefinitelypossibly,2.0794415416798357
pointed,1.3862943611198906
used,2.0794415416798357
pam,1.3862943611198906
appearance,2.0794415416798357
consideration,1.3862943611198906
evidence,2.0794415416798357
sweet,2.0794415416798357
location,2.0794415416798357
206000,2.0794415416798357
personal,1.3862943611198906
give,1.3862943611198906
control,0.9808292530117262
celebrities,2.0794415416798357
students,2.0794415416798357
golf,2.0794415416798357
accusing,2.0794415416798357
milley,2.0794415416798357
aileen,2.0794415416798357
hits,1.3862943611198906
ticked,2.0794415416798357
msnbcs,2.0794415416798357
ther,2.0794415416798357
scope,2.0794415416798357
wed,2.0794415416798357
holding,2.0794415416798357
placed,2.0794415416798357
moody,2.0794415416798357
weirdly,2.0794415416798357
invites,2.0794415416798357
vids,2.0794415416798357
electric,1.3862943611198906
w/,2.0794415416798357
cyvn,2.0794415416798357
soar,2.0794415416798357
adjourn,2.0794415416798357
q&ampa,2.0794415416798357
lap,1.3862943611198906
mika,2.0794415416798357
reminder,2.0794415416798357
wondered,2.0794415416798357
orange,2.0794415416798357
jesse,2.0794415416798357
staff,0.9808292530117262
úyoung,2.0794415416798357
district,2.0794415416798357
negative,2.0794415416798357
fox,0.9808292530117262
served,1.3862943611198906
bragg,2.0794415416798357
appearing,2.0794415416798357
conviction,2.0794415416798357
returned,1.3862943611198906
president-e,1.3862943611198906
crush,2.0794415416798357
eye,1.3862943611198906
thunder,2.0794415416798357
allow,2.0794415416798357
un,1.3862943611198906
buddi,2.0794415416798357
traits,2.0794415416798357
aid,2.0794415416798357
flocked,2.0794415416798357
periodically,2.0794415416798357
-,0.9808292530117262
talent,2.0794415416798357
status,1.3862943611198906
warned,1.3862943611198906
quiet,2.0794415416798357
dt,2.0794415416798357
deanne,2.0794415416798357
reasoning,2.0794415416798357
therapist,2.0794415416798357
hush,2.0794415416798357
botsford/the,2.0794415416798357
brzezinski,2.0794415416798357
interview,2.0794415416798357
uncharacteristically,2.0794415416798357
firm,1.3862943611198906
thoughts,1.3862943611198906
exasperated,2.0794415416798357
residence,2.0794415416798357
rev,2.0794415416798357
view,2.0794415416798357
youngest,1.3862943611198906
robotic,2.0794415416798357
binds,2.0794415416798357
insults,1.3862943611198906
reports,1.3862943611198906
rallyjabin,2.0794415416798357
úwell,2.0794415416798357
service,0.9808292530117262
100,2.0794415416798357
lawmakers,2.0794415416798357
courtroom,2.0794415416798357
copyright,2.0794415416798357
tires,2.0794415416798357
hosts,2.0794415416798357
epstein-trump,2.0794415416798357
bottari/zuffa,2.0794415416798357
úelectric,2.0794415416798357
dimensions,2.0794415416798357
historically,2.0794415416798357
prosecutors,2.0794415416798357
complete,2.0794415416798357
escalates,2.0794415416798357
theyd,2.0794415416798357
gatekeepers,2.0794415416798357
cocaine,2.0794415416798357
miles,2.0794415416798357
06,2.0794415416798357
treat,2.0794415416798357
therapy,2.0794415416798357
repor,2.0794415416798357
ashley,2.0794415416798357
dubious,2.0794415416798357
employees,1.3862943611198906
something,1.3862943611198906
friends,1.3862943611198906
free-range,2.0794415416798357
suggesting,2.0794415416798357
kim,1.3862943611198906
numbersthe,2.0794415416798357
efficiency,1.3862943611198906
pre-election,2.0794415416798357
self-driving,2.0794415416798357
happens,2.0794415416798357
speakers,0.9808292530117262
infringement,2.0794415416798357
summit,2.0794415416798357
editorial,1.3862943611198906
dresses,2.0794415416798357
backed,1.3862943611198906
joins,2.0794415416798357
pool/getty,2.0794415416798357
1982,2.0794415416798357
paving,1.3862943611198906
explicitly,2.0794415416798357
womans,2.0794415416798357
degree,2.0794415416798357
firing,2.0794415416798357
pack,2.0794415416798357
mastermind,2.0794415416798357
cooper,2.0794415416798357
additional,2.0794415416798357
beyonc√©,2.0794415416798357
capitol,2.0794415416798357
utilized,2.0794415416798357
rallied,2.0794415416798357
scale,0.6931471805599453
viral,1.3862943611198906
dodged,2.0794415416798357
donning,2.0794415416798357
residents,2.0794415416798357
climbing,2.0794415416798357
apprentice,2.0794415416798357
taken,1.3862943611198906
retired,0.9808292530117262
due,1.3862943611198906
avenue,2.0794415416798357
questions,2.0794415416798357
útopless,2.0794415416798357
disputes,2.0794415416798357
ambulance,2.0794415416798357
apa,2.0794415416798357
search,1.3862943611198906
girls,2.0794415416798357
trying,2.0794415416798357
disables,2.0794415416798357
exploring,2.0794415416798357
beef,2.0794415416798357
appoint,0.9808292530117262
ellipse,2.0794415416798357
delay,2.0794415416798357
testified,1.3862943611198906
ross,2.0794415416798357
robot,2.0794415416798357
vest,2.0794415416798357
ra,1.3862943611198906
bruce,2.0794415416798357
refers,2.0794415416798357
supporter,2.0794415416798357
international,2.0794415416798357
dhabi-based,2.0794415416798357
ambulances,2.0794415416798357
stripes,2.0794415416798357
filmúthe,2.0794415416798357
mattered,2.0794415416798357
eddy,2.0794415416798357
varietys,2.0794415416798357
overturn,2.0794415416798357
appointments,1.3862943611198906
margo,2.0794415416798357
expressed,1.3862943611198906
rican,2.0794415416798357
mumtalakat,2.0794415416798357
example,1.3862943611198906
guests,2.0794415416798357
husband,2.0794415416798357
stans,2.0794415416798357
principal,2.0794415416798357
rep,0.6931471805599453
enterprise,2.0794415416798357
natasha,2.0794415416798357
silk,2.0794415416798357
rele,2.0794415416798357
highly-anticipated,2.0794415416798357
prepares,0.9808292530117262
tainted,2.0794415416798357
fallen,2.0794415416798357
send,2.0794415416798357
heading,2.0794415416798357
starships,2.0794415416798357
trial,2.0794415416798357
purcha,2.0794415416798357
statement,0.9808292530117262
violating,2.0794415416798357
rovers,2.0794415416798357
aide,1.3862943611198906
entourage,2.0794415416798357
counts,2.0794415416798357
delays,2.0794415416798357
temptation,2.0794415416798357
reporter,1.3862943611198906
acting,2.0794415416798357
mockery,2.0794415416798357
anderson,2.0794415416798357
kids,2.0794415416798357
adams,2.0794415416798357
choke,2.0794415416798357
relationship,1.3862943611198906
59%,2.0794415416798357
fani,2.0794415416798357
closes,2.0794415416798357
309,2.0794415416798357
temporary,2.0794415416798357
worth,1.3862943611198906
argument,2.0794415416798357
21,2.0794415416798357
hit,1.3862943611198906
tapped,1.3862943611198906
investigative,2.0794415416798357
conversations,2.0794415416798357
separation,2.0794415416798357
wash,2.0794415416798357
felony,2.0794415416798357
reportedly,0.9808292530117262
file,2.0794415416798357
arriving,2.0794415416798357
barron,2.0794415416798357
(nov,2.0794415416798357
charges,2.0794415416798357
further,2.0794415416798357
charged,1.3862943611198906
gov,0.9808292530117262
supposedly,2.0794415416798357
chairman,2.0794415416798357
workshopping,2.0794415416798357
boss,1.3862943611198906
cannon,2.0794415416798357
dodges,2.0794415416798357
leading,2.0794415416798357
operates,2.0794415416798357
sentencing,2.0794415416798357
prancing,2.0794415416798357
agenda,0.9808292530117262
practitioners,2.0794415416798357
direct,0.9808292530117262
expecting,2.0794415416798357
proceedings,1.3862943611198906
jeffrey,2.0794415416798357
single-handedly,2.0794415416798357
mayor,2.0794415416798357
keep,2.0794415416798357
wor,2.0794415416798357
spacexs,0.9808292530117262
agreed,2.0794415416798357
outrage,2.0794415416798357
law,0.9808292530117262
prejudice,1.3862943611198906
ask,2.0794415416798357
scarborough,2.0794415416798357
consequences,2.0794415416798357
goin,2.0794415416798357
generally,2.0794415416798357
triggers,2.0794415416798357
appears,2.0794415416798357
2016,1.3862943611198906
watters,2.0794415416798357
trialcurtis,2.0794415416798357
togetherchris,2.0794415416798357
postpones,2.0794415416798357
effects,2.0794415416798357
cases,2.0794415416798357
msnb,2.0794415416798357
bond,2.0794415416798357
criminal,2.0794415416798357
gatekeeping,2.0794415416798357
encounter,1.3862943611198906
halted,2.0794415416798357
columnist,2.0794415416798357
6th,2.0794415416798357
alvin,2.0794415416798357
congratulate,1.3862943611198906
sarah,2.0794415416798357
ron,2.0794415416798357
overseeing,2.0794415416798357
summer,2.0794415416798357
juan,2.0794415416798357
viper,2.0794415416798357
name,1.3862943611198906
sta,1.3862943611198906
watches,2.0794415416798357
telegraph,2.0794415416798357
epstein,2.0794415416798357
clone,2.0794415416798357
photos,2.0794415416798357
scot-free,2.0794415416798357
drop,1.3862943611198906
ulbricht,2.0794415416798357
wants,0.6931471805599453
theyve,1.3862943611198906
dogs,2.0794415416798357
defending,2.0794415416798357
fulton,2.0794415416798357
congressmans,2.0794415416798357
(faa),2.0794415416798357
cause,2.0794415416798357
splashy,2.0794415416798357
jong,1.3862943611198906
prez-elect,2.0794415416798357
paragraph,2.0794415416798357
post/the,2.0794415416798357
pedophile,2.0794415416798357
commentary,2.0794415416798357
straight,1.3862943611198906
tiktoks,2.0794415416798357
laughter,2.0794415416798357
hiring,2.0794415416798357
dhs,1.3862943611198906
olentangy,2.0794415416798357
ou,2.0794415416798357
describe,2.0794415416798357
yet,0.9808292530117262
brought,1.3862943611198906
wasnt,1.3862943611198906
couldnt,1.3862943611198906
sebastian,2.0794415416798357
chummy,2.0794415416798357
intriguingly,2.0794415416798357
bromance,2.0794415416798357
mclarenautomotive,2.0794415416798357
suing,2.0794415416798357
currently,0.9808292530117262
anchor,2.0794415416798357
pause,2.0794415416798357
either,2.0794415416798357
shes,1.3862943611198906
laughing,2.0794415416798357
permitted,2.0794415416798357
gett,2.0794415416798357
sin,2.0794415416798357
joint,2.0794415416798357
glendale,2.0794415416798357
latinos,1.3862943611198906
feinb,2.0794415416798357
surprise,0.9808292530117262
ruled,2.0794415416798357
land,1.3862943611198906
donate,2.0794415416798357
oklahoma,2.0794415416798357
swiped,2.0794415416798357
encoun,1.3862943611198906
truck,2.0794415416798357
taps,0.9808292530117262
bump,2.0794415416798357
requests,2.0794415416798357
(reuters),1.3862943611198906
abolishing,2.0794415416798357
sprouting,2.0794415416798357
june,1.3862943611198906
$11,2.0794415416798357
sover,2.0794415416798357
abu,2.0794415416798357
breaking,2.0794415416798357
bob,2.0794415416798357
grant,2.0794415416798357
safety,1.3862943611198906
fitness,2.0794415416798357
thats,1.3862943611198906
social-media,2.0794415416798357
actors,2.0794415416798357
sundays,2.0794415416798357
elected,0.6931471805599453
twitter,2.0794415416798357
vengeance,2.0794415416798357
attends,2.0794415416798357
firestorm,2.0794415416798357
meg,2.0794415416798357
language,2.0794415416798357
mess,2.0794415416798357
chiefs,2.0794415416798357
po,2.0794415416798357
aware,2.0794415416798357
broad,2.0794415416798357
base,2.0794415416798357
owners,2.0794415416798357
2019,2.0794415416798357
felon,2.0794415416798357
estimated,1.3862943611198906
expected,0.6931471805599453
viewer,2.0794415416798357
korean,2.0794415416798357
absurd,2.0794415416798357
sues,2.0794415416798357
post-screening,2.0794415416798357
visit,1.3862943611198906
cnns,2.0794415416798357
pul,1.3862943611198906
accompanied,2.0794415416798357
dangerous,2.0794415416798357
josh,2.0794415416798357
speaks,0.9808292530117262
willis,2.0794415416798357
radical,0.9808292530117262
hush-money,2.0794415416798357
vi,2.0794415416798357
op,2.0794415416798357
criti,2.0794415416798357
stephen,1.3862943611198906
tapes,2.0794415416798357
discrimination,2.0794415416798357
independents,2.0794415416798357
accepted,2.0794415416798357
officejudge,2.0794415416798357
bash,2.0794415416798357
confidence,2.0794415416798357
re,2.0794415416798357
hs,2.0794415416798357
threatening,1.3862943611198906
please,2.0794415416798357
seat,1.3862943611198906
n,0.9808292530117262
springsteen,2.0794415416798357
supported,2.0794415416798357
superintendent,2.0794415416798357
environment,1.3862943611198906
andrews,2.0794415416798357
focal,2.0794415416798357
short,2.0794415416798357
weeks,0.6931471805599453
thanksgiving,2.0794415416798357
developmen,2.0794415416798357
prison,2.0794415416798357
preelection,2.0794415416798357
rhetoric,0.9808292530117262
spacex,1.3862943611198906
dinner,2.0794415416798357
dismissed,2.0794415416798357
insisting,2.0794415416798357
online,0.6931471805599453
starship,2.0794415416798357
critics,1.3862943611198906
judge,2.0794415416798357
participation,2.0794415416798357
civil,2.0794415416798357
rescind,1.3862943611198906
reuters,2.0794415416798357
visited,2.0794415416798357
tesla,1.3862943611198906
money,1.3862943611198906
garba,2.0794415416798357
investigates,2.0794415416798357
thank,1.3862943611198906
blackmail-able,2.0794415416798357
lashed,2.0794415416798357
glee,2.0794415416798357
modestly,2.0794415416798357
wife,2.0794415416798357
murder-for-hire,2.0794415416798357
sides,2.0794415416798357
husbands,2.0794415416798357
then,1.3862943611198906
blow-up,2.0794415416798357
jack,2.0794415416798357
face,0.9808292530117262
lynch,2.0794415416798357
update,2.0794415416798357
creator,2.0794415416798357
confirmed,1.3862943611198906
theorists,2.0794415416798357
bowed,1.3862943611198906
unconstitutional,1.3862943611198906
offensive,2.0794415416798357
such,2.0794415416798357
thriving,2.0794415416798357
closin,2.0794415416798357
fight,2.0794415416798357
vitriol,2.0794415416798357
related,1.3862943611198906
probe,2.0794415416798357
reacted,2.0794415416798357
however,0.9808292530117262
aviation,2.0794415416798357
forbes,2.0794415416798357
meanwhile,2.0794415416798357
fro,2.0794415416798357
hitler,2.0794415416798357
businesses,0.9808292530117262
hacky,2.0794415416798357
worried,2.0794415416798357
willing,1.3862943611198906
tapper,2.0794415416798357
mak,1.3862943611198906
ag,1.3862943611198906
llc,2.0794415416798357
hegseth,1.3862943611198906
pardon,2.0794415416798357
eviscerated,2.0794415416798357
structures,2.0794415416798357
coke,2.0794415416798357
tremendously,2.0794415416798357
filed,2.0794415416798357
off-color,2.0794415416798357
voiced,2.0794415416798357
1974,2.0794415416798357
whatever,2.0794415416798357
17,1.3862943611198906
known,0.9808292530117262
sexual,0.9808292530117262
school,1.3862943611198906
technology,1.3862943611198906
possibly,2.0794415416798357
pray,2.0794415416798357
room,2.0794415416798357
elicit,2.0794415416798357
masters,2.0794415416798357
disinvites,2.0794415416798357
fury,2.0794415416798357
prevents,2.0794415416798357
underscored,2.0794415416798357
indictments,2.0794415416798357
andrew,1.3862943611198906
records,2.0794415416798357
prosecutor,2.0794415416798357
deplatform,2.0794415416798357
briefing,2.0794415416798357
views,2.0794415416798357
hear,2.0794415416798357
satirical,2.0794415416798357
body,2.0794415416798357
statues,2.0794415416798357
provided,2.0794415416798357
poten,2.0794415416798357
sixth,2.0794415416798357
rival,1.3862943611198906
rich,1.3862943611198906
bronze-colored,2.0794415416798357
alleging,2.0794415416798357
break,1.3862943611198906
withdrawl,2.0794415416798357
inseparable,2.0794415416798357
attorney,1.3862943611198906
speaker,1.3862943611198906
looming,1.3862943611198906
wordand,2.0794415416798357
muted,2.0794415416798357
suddenly,0.9808292530117262
oppon,2.0794415416798357
gen,2.0794415416798357
details,2.0794415416798357
shameless,2.0794415416798357
otherwise,2.0794415416798357
úfalsifying,2.0794415416798357
attempt,2.0794415416798357
criswell,2.0794415416798357
ariz,2.0794415416798357
singapore,2.0794415416798357
eric,2.0794415416798357
stan,2.0794415416798357
personalities,2.0794415416798357
apart,1.3862943611198906
denying,2.0794415416798357
focuses,2.0794415416798357
lennard,2.0794415416798357
teams,2.0794415416798357
yells,2.0794415416798357
administrator,1.3862943611198906
waste,2.0794415416798357
reported,0.9808292530117262
keeping,0.9808292530117262
shapiro,2.0794415416798357
play,0.9808292530117262
úactors,2.0794415416798357
purchase,1.3862943611198906
enough,1.3862943611198906
variety,2.0794415416798357
criticism,2.0794415416798357
awkwardly,2.0794415416798357
bryce,2.0794415416798357
manhattan,1.3862943611198906
department,0.9808292530117262
rare,2.0794415416798357
put,1.3862943611198906
guns,2.0794415416798357
future),2.0794415416798357
celebrity,1.3862943611198906
úmandate,2.0794415416798357
elites,2.0794415416798357
crack,1.3862943611198906
conspiracy,2.0794415416798357
apparently,1.3862943611198906
surveys,2.0794415416798357
colbert,2.0794415416798357
defendant,2.0794415416798357
hawk,0.9808292530117262
citing,1.3862943611198906
proven,2.0794415416798357
indefinitely,2.0794415416798357
celebrates,2.0794415416798357
included,1.3862943611198906
administrative,2.0794415416798357
bondi,1.3862943611198906
investigators,2.0794415416798357
wreak,2.0794415416798357
kick,2.0794415416798357
friendly,2.0794415416798357
decisions,1.3862943611198906
postponed,2.0794415416798357
minute,2.0794415416798357
loyalists,2.0794415416798357
rocket,2.0794415416798357
settle,2.0794415416798357
launch,2.0794415416798357
acro,2.0794415416798357
flight,2.0794415416798357
congressjeff,2.0794415416798357
stint,2.0794415416798357
progressive,2.0794415416798357
abruptly,2.0794415416798357
34,2.0794415416798357
passenger,2.0794415416798357
crude,1.3862943611198906
actually,1.3862943611198906
formed,2.0794415416798357
martin,1.3862943611198906
pledged,1.3862943611198906
19),2.0794415416798357
secret,1.3862943611198906
(and,0.9808292530117262
express,2.0794415416798357
mocking,2.0794415416798357
dismissing,2.0794415416798357
upend,1.3862943611198906
psychotherapists,2.0794415416798357
ratings,2.0794415416798357
flabbergasted,2.0794415416798357
woodward,2.0794415416798357
gabbard,1.3862943611198906
previously,0.6931471805599453
billion,2.0794415416798357
2024chip,2.0794415416798357
population,2.0794415416798357
ethical,2.0794415416798357
today,0.6931471805599453
joking,2.0794415416798357
lawsuit,2.0794415416798357
outcome,2.0794415416798357
prominent,2.0794415416798357
reflects,2.0794415416798357
career,2.0794415416798357
heavily,2.0794415416798357
stars,2.0794415416798357
fortune,2.0794415416798357
communications,2.0794415416798357
appointment,2.0794415416798357
donalds,2.0794415416798357
withdrawal,2.0794415416798357
chooses,2.0794415416798357
pitch-black,2.0794415416798357
smart,2.0794415416798357
defender,2.0794415416798357
services,2.0794415416798357
waltz,2.0794415416798357
military,1.3862943611198906
histransition,2.0794415416798357
generals,2.0794415416798357
overvalued,2.0794415416798357
wit,2.0794415416798357
swamp,2.0794415416798357
elevating,2.0794415416798357
effect,1.3862943611198906
input,2.0794415416798357
pandemic,2.0794415416798357
nominees,1.3862943611198906
intelligence,1.3862943611198906
wal,2.0794415416798357
25-basis-point,2.0794415416798357
fellow,1.3862943611198906
senior,2.0794415416798357
halls,2.0794415416798357
parts,1.3862943611198906
consid,2.0794415416798357
enforcement,1.3862943611198906
confirm,1.3862943611198906
sources,2.0794415416798357
embattled,2.0794415416798357
stefanik,2.0794415416798357
drug,2.0794415416798357
regi,2.0794415416798357
doug,1.3862943611198906
picked,1.3862943611198906
assumes,2.0794415416798357
takeover,2.0794415416798357
russell,2.0794415416798357
(fcc),2.0794415416798357
ratcliffe,2.0794415416798357
nominate,2.0794415416798357
background,2.0794415416798357
signed,2.0794415416798357
trigger,1.3862943611198906
administrationheres,2.0794415416798357
miller,2.0794415416798357
guardrails,2.0794415416798357
senators,2.0794415416798357
longtime,2.0794415416798357
zeldins,2.0794415416798357
vaccine,1.3862943611198906
predictable,2.0794415416798357
announce,2.0794415416798357
knowledge,2.0794415416798357
education,1.3862943611198906
pace,2.0794415416798357
selected,2.0794415416798357
released,1.3862943611198906
servant,2.0794415416798357
bureaucracy,2.0794415416798357
nominates,2.0794415416798357
place,0.9808292530117262
genuine,2.0794415416798357
co-president,2.0794415416798357
rid,0.9808292530117262
mcginley,2.0794415416798357
chavez-d,2.0794415416798357
tulsi,2.0794415416798357
gifted,2.0794415416798357
controlling,2.0794415416798357
termproject,2.0794415416798357
tariffs,1.3862943611198906
ha,1.3862943611198906
carr,2.0794415416798357
surr,2.0794415416798357
source,2.0794415416798357
tenacious,2.0794415416798357
authors,2.0794415416798357
announces,2.0794415416798357
dismantling,2.0794415416798357
confirming,2.0794415416798357
officer,2.0794415416798357
co-chair,2.0794415416798357
linda,2.0794415416798357
believer,2.0794415416798357
offering,1.3862943611198906
fame,2.0794415416798357
powell,1.3862943611198906
regains,2.0794415416798357
william,2.0794415416798357
sonia,2.0794415416798357
423,2.0794415416798357
regulation-slashing,2.0794415416798357
remembered,2.0794415416798357
predecessor,2.0794415416798357
(r-fla),2.0794415416798357
signa,2.0794415416798357
williams/cq,1.3862943611198906
@thenbacentel,2.0794415416798357
israel,1.3862943611198906
promote,2.0794415416798357
53,2.0794415416798357
300,2.0794415416798357
flipping,2.0794415416798357
guest,2.0794415416798357
publicly,2.0794415416798357
nominated,2.0794415416798357
appoints,2.0794415416798357
transportation,2.0794415416798357
lat,2.0794415416798357
considering,1.3862943611198906
qualified,2.0794415416798357
ironic,2.0794415416798357
signal,2.0794415416798357
hardly,2.0794415416798357
choose,2.0794415416798357
packed,2.0794415416798357
(r-ore),2.0794415416798357
treasury,2.0794415416798357
dakota,1.3862943611198906
deputy,2.0794415416798357
marks,2.0794415416798357
associate,2.0794415416798357
success,2.0794415416798357
began,2.0794415416798357
company,1.3862943611198906
requires,2.0794415416798357
arkansas,2.0794415416798357
20,1.3862943611198906
noem,2.0794415416798357
lockdowns,2.0794415416798357
hasnt,2.0794415416798357
gift,2.0794415416798357
tough,2.0794415416798357
vivek,2.0794415416798357
program,2.0794415416798357
shell,2.0794415416798357
amid,0.9808292530117262
images),2.0794415416798357
tap,2.0794415416798357
centers,2.0794415416798357
central,1.3862943611198906
increase,2.0794415416798357
makary,2.0794415416798357
breakneck,2.0794415416798357
inside,1.3862943611198906
firstwith,2.0794415416798357
emerged,2.0794415416798357
johns,2.0794415416798357
ominous,2.0794415416798357
hhstom,2.0794415416798357
surgeon,2.0794415416798357
decade,2.0794415416798357
impeachment,2.0794415416798357
director,2.0794415416798357
mixed,2.0794415416798357
bank,2.0794415416798357
harnik/getty,2.0794415416798357
job,2.0794415416798357
nominating,2.0794415416798357
televised,2.0794415416798357
marty,2.0794415416798357
lutn,2.0794415416798357
charting,2.0794415416798357
positions,2.0794415416798357
labor,2.0794415416798357
meant,2.0794415416798357
ceremonial,2.0794415416798357
deeply,2.0794415416798357
accused,1.3862943611198906
circulating,2.0794415416798357
matters,1.3862943611198906
donor,2.0794415416798357
prematurely,2.0794415416798357
lutnick,2.0794415416798357
scrutiny,1.3862943611198906
nom,2.0794415416798357
rumored,2.0794415416798357
ch,1.3862943611198906
contributors,2.0794415416798357
restrained,2.0794415416798357
install,1.3862943611198906
spectacle,2.0794415416798357
car,1.3862943611198906
nba,2.0794415416798357
outright,2.0794415416798357
bensinger,2.0794415416798357
founder,2.0794415416798357
carry,1.3862943611198906
anti-woke,2.0794415416798357
shape,2.0794415416798357
reverse,1.3862943611198906
lori,2.0794415416798357
co-author,2.0794415416798357
little-known,2.0794415416798357
infused,2.0794415416798357
nomi,2.0794415416798357
waited,2.0794415416798357
reenters,2.0794415416798357
ethics,2.0794415416798357
jay,2.0794415416798357
skipped,2.0794415416798357
annoying,2.0794415416798357
staffing,2.0794415416798357
homeland,2.0794415416798357
solution,2.0794415416798357
fed,2.0794415416798357
fund,2.0794415416798357
hard-liner,2.0794415416798357
signals,2.0794415416798357
successor,2.0794415416798357
leavitt,2.0794415416798357
stands,1.3862943611198906
listed,2.0794415416798357
jumping,2.0794415416798357
veterans,2.0794415416798357
regime,2.0794415416798357
updated,2.0794415416798357
newyorktimes,2.0794415416798357
duffy,2.0794415416798357
hat,2.0794415416798357
hawa,2.0794415416798357
disavowing,2.0794415416798357
abroad,2.0794415416798357
human,1.3862943611198906
ramasw,2.0794415416798357
malone,2.0794415416798357
assistant,2.0794415416798357
weight,2.0794415416798357
triggered,2.0794415416798357
elise,2.0794415416798357
announcing,2.0794415416798357
appe,2.0794415416798357
continues,2.0794415416798357
serves,2.0794415416798357
applause,2.0794415416798357
collins,2.0794415416798357
holds,2.0794415416798357
food,1.3862943611198906
skewers,2.0794415416798357
cantor,2.0794415416798357
resistance,2.0794415416798357
oversight,2.0794415416798357
kevin,2.0794415416798357
strutted,2.0794415416798357
sean,2.0794415416798357
regards,2.0794415416798357
fixed,2.0794415416798357
brenner,2.0794415416798357
disrupt,2.0794415416798357
fitzgerald,2.0794415416798357
mild,2.0794415416798357
mcmahon,2.0794415416798357
billionaires,1.3862943611198906
pete,2.0794415416798357
itself,0.9808292530117262
playing,2.0794415416798357
wishlis,2.0794415416798357
noting,2.0794415416798357
august,1.3862943611198906
excess,2.0794415416798357
unilaterally,2.0794415416798357
thus,2.0794415416798357
presiding,2.0794415416798357
executive,2.0794415416798357
nytimescom,2.0794415416798357
generaltom,2.0794415416798357
jerome,2.0794415416798357
warsh,2.0794415416798357
s,1.3862943611198906
legal,2.0794415416798357
confrontation,2.0794415416798357
opposition,2.0794415416798357
informed,2.0794415416798357
deem,2.0794415416798357
introduce,2.0794415416798357
recess,2.0794415416798357
await,1.3862943611198906
veteran,2.0794415416798357
institute,2.0794415416798357
block,2.0794415416798357
judicial,2.0794415416798357
commission,1.3862943611198906
oversees,2.0794415416798357
familiar,1.3862943611198906
questioning,2.0794415416798357
reserve,2.0794415416798357
score,2.0794415416798357
governor,2.0794415416798357
child,2.0794415416798357
asks,2.0794415416798357
financial,1.3862943611198906
congressman,2.0794415416798357
appointed,2.0794415416798357
unveiled,1.3862943611198906
sudden,2.0794415416798357
nations,1.3862943611198906
staunch,2.0794415416798357
ramaswamy,2.0794415416798357
functionally,2.0794415416798357
figure,2.0794415416798357
fill,2.0794415416798357
harness,2.0794415416798357
rumor,2.0794415416798357
vought,2.0794415416798357
very,0.9808292530117262
fearful,2.0794415416798357
bastion,2.0794415416798357
drain,2.0794415416798357
secu,2.0794415416798357
virtually,2.0794415416798357
names,2.0794415416798357
rages,2.0794415416798357
demote,2.0794415416798357
personnel,2.0794415416798357
affairs,1.3862943611198906
congresswoman,2.0794415416798357
wrestlin,2.0794415416798357
karoline,2.0794415416798357
confirmation,2.0794415416798357
author,2.0794415416798357
bessent,2.0794415416798357
intention,2.0794415416798357
apprehensive,2.0794415416798357
zeldin,2.0794415416798357
hedge,2.0794415416798357
contributor,2.0794415416798357
manager,2.0794415416798357
commissioner,1.3862943611198906
wrestling,2.0794415416798357
remember,2.0794415416798357
budget,1.3862943611198906
committee,2.0794415416798357
trademark,2.0794415416798357
engagements,2.0794415416798357
shake,2.0794415416798357
trialmarking,2.0794415416798357
above,2.0794415416798357
relentlessly,2.0794415416798357
huckabee,2.0794415416798357
nikki,2.0794415416798357
teamsters-backed,2.0794415416798357
hopkins,2.0794415416798357
majority,2.0794415416798357
vowed,1.3862943611198906
representatives,2.0794415416798357
fda,2.0794415416798357
setback,2.0794415416798357
struggle,2.0794415416798357
regulating,2.0794415416798357
chosen,2.0794415416798357
seats,2.0794415416798357
investor,2.0794415416798357
invited,2.0794415416798357
familiar),2.0794415416798357
lacked,2.0794415416798357
contrarian,2.0794415416798357
agreements,1.3862943611198906
laid,2.0794415416798357
announcement,2.0794415416798357
úwoke,2.0794415416798357
tracking,2.0794415416798357
echoed,2.0794415416798357
organization,2.0794415416798357
richest,2.0794415416798357
mond,2.0794415416798357
boy,2.0794415416798357
short-circuit,2.0794415416798357
praised,2.0794415416798357
maka,2.0794415416798357
regret,2.0794415416798357
unp,2.0794415416798357
wwe,2.0794415416798357
remained,2.0794415416798357
epa,2.0794415416798357
guard,2.0794415416798357
(cps),2.0794415416798357
ultimately,2.0794415416798357
controversy,2.0794415416798357
sotomayor,2.0794415416798357
skeptic,2.0794415416798357
sex,2.0794415416798357
hell,2.0794415416798357
reporta,2.0794415416798357
kristi,2.0794415416798357
sa,2.0794415416798357
performed,2.0794415416798357
chavez-deremer,2.0794415416798357
website,2.0794415416798357
crowds,2.0794415416798357
counsel,2.0794415416798357
private,2.0794415416798357
regul,2.0794415416798357
vision,1.3862943611198906
urging,1.3862943611198906
reflect,2.0794415416798357
cia,2.0794415416798357
r-fla,2.0794415416798357
orbit,2.0794415416798357
unconven,2.0794415416798357
24,2.0794415416798357
incredibly,2.0794415416798357
deploys,2.0794415416798357
high-stakes,2.0794415416798357
ring,2.0794415416798357
bask,2.0794415416798357
abuse,2.0794415416798357
building,2.0794415416798357
protective,2.0794415416798357
termtrump,2.0794415416798357
critic,2.0794415416798357
account,1.3862943611198906
sai,2.0794415416798357
aim,1.3862943611198906
meets,2.0794415416798357
provoke,2.0794415416798357
brendan,2.0794415416798357
covid,2.0794415416798357
orders,1.3862943611198906
lee,2.0794415416798357
$64b,2.0794415416798357
finds,2.0794415416798357
cisa,2.0794415416798357
weiss,2.0794415416798357
affect,1.3862943611198906
authored,2.0794415416798357
leverages,2.0794415416798357
speculating,2.0794415416798357
credits,2.0794415416798357
covered,2.0794415416798357
others,2.0794415416798357
shocks,2.0794415416798357
sees,2.0794415416798357
y,2.0794415416798357
importers,2.0794415416798357
wong/getty,2.0794415416798357
post-trump,2.0794415416798357
citadels,2.0794415416798357
overturned,1.3862943611198906
retailers,2.0794415416798357
earn,2.0794415416798357
rises,2.0794415416798357
surge,2.0794415416798357
trends,2.0794415416798357
corner,2.0794415416798357
goods,2.0794415416798357
columbia,2.0794415416798357
whilst,2.0794415416798357
imported,2.0794415416798357
gensler,2.0794415416798357
efficiencyangela,2.0794415416798357
products,2.0794415416798357
asia-pacific,2.0794415416798357
happen,2.0794415416798357
presidencyalex,2.0794415416798357
links,2.0794415416798357
considerable,2.0794415416798357
pencils,2.0794415416798357
previous,2.0794415416798357
tribune/tnsthis,2.0794415416798357
boeings,2.0794415416798357
pilot,2.0794415416798357
prices,2.0794415416798357
2026,2.0794415416798357
minton,2.0794415416798357
afp,2.0794415416798357
stamp,2.0794415416798357
sportswear,2.0794415416798357
removal,2.0794415416798357
industr,2.0794415416798357
must,2.0794415416798357
regulator,2.0794415416798357
araujo,2.0794415416798357
maintain,2.0794415416798357
cfo,2.0794415416798357
tiktok,2.0794415416798357
s&p,2.0794415416798357
bear,2.0794415416798357
tj,2.0794415416798357
u,2.0794415416798357
favor,2.0794415416798357
exercises,2.0794415416798357
worlds,2.0794415416798357
trump-whim,2.0794415416798357
asia,2.0794415416798357
breaks,2.0794415416798357
renegotiated,2.0794415416798357
india,1.3862943611198906
inflations,2.0794415416798357
doing,1.3862943611198906
zuckerberg,2.0794415416798357
easterly,2.0794415416798357
cooperation,2.0794415416798357
polic,2.0794415416798357
roadways,2.0794415416798357
solar,2.0794415416798357
develop,2.0794415416798357
originally,2.0794415416798357
warner,2.0794415416798357
boeing,2.0794415416798357
core,2.0794415416798357
welcome,1.3862943611198906
survivethe,2.0794415416798357
insiders,2.0794415416798357
congressmember,2.0794415416798357
attitude,2.0794415416798357
points,2.0794415416798357
executives,2.0794415416798357
braskem,2.0794415416798357
supports,2.0794415416798357
isolation,2.0794415416798357
marking,2.0794415416798357
meeti,2.0794415416798357
katie,2.0794415416798357
certain,2.0794415416798357
opportunity,1.3862943611198906
sec,2.0794415416798357
solidly,2.0794415416798357
evacuation,2.0794415416798357
lean,2.0794415416798357
focus,2.0794415416798357
soon,2.0794415416798357
airport,2.0794415416798357
wilson,2.0794415416798357
prompts,2.0794415416798357
indices,2.0794415416798357
tennessee,1.3862943611198906
groups,1.3862943611198906
administra,2.0794415416798357
lisa,2.0794415416798357
spilled,2.0794415416798357
spike,2.0794415416798357
middle,2.0794415416798357
expansion,2.0794415416798357
cruz,2.0794415416798357
administ,2.0794415416798357
suppliers,2.0794415416798357
extend,2.0794415416798357
sidelines,2.0794415416798357
revealed,2.0794415416798357
fundamental,1.3862943611198906
fate,2.0794415416798357
available,2.0794415416798357
putting,2.0794415416798357
exclusive,2.0794415416798357
interviews,1.3862943611198906
laguardia,2.0794415416798357
notoriously,2.0794415416798357
hymn,2.0794415416798357
hoffman,2.0794415416798357
leah,2.0794415416798357
unless,2.0794415416798357
sang,2.0794415416798357
magic,2.0794415416798357
imposes,2.0794415416798357
conference,2.0794415416798357
500,2.0794415416798357
retribution,2.0794415416798357
extended,2.0794415416798357
rever,2.0794415416798357
bitcoiners,2.0794415416798357
korea,2.0794415416798357
below,1.3862943611198906
merge-all-the-things,2.0794415416798357
boxy,2.0794415416798357
microsoft,2.0794415416798357
mergers,2.0794415416798357
jpmorgan,2.0794415416798357
cut-price,2.0794415416798357
8,2.0794415416798357
re-elected,2.0794415416798357
established,2.0794415416798357
leaning,2.0794415416798357
various,1.3862943611198906
bros,2.0794415416798357
frustrate,2.0794415416798357
maxx,2.0794415416798357
jamie,2.0794415416798357
outlook,2.0794415416798357
contenttype,2.0794415416798357
admitted,2.0794415416798357
leveraged,2.0794415416798357
cheering,2.0794415416798357
alarm,2.0794415416798357
zaslav,2.0794415416798357
driverless,2.0794415416798357
region,2.0794415416798357
1300,2.0794415416798357
kiss,2.0794415416798357
lawrence,2.0794415416798357
reenter,2.0794415416798357
pursued,2.0794415416798357
bracing,2.0794415416798357
first-do-no-harm,2.0794415416798357
digital,2.0794415416798357
moved,2.0794415416798357
shee,2.0794415416798357
deportation,1.3862943611198906
alerigi,2.0794415416798357
herehappy,2.0794415416798357
cryptocurrency,2.0794415416798357
elite,2.0794415416798357
march,2.0794415416798357
travel,2.0794415416798357
editor-in-chief,2.0794415416798357
damage,1.3862943611198906
headlines,1.3862943611198906
developers,2.0794415416798357
3%,2.0794415416798357
passes,2.0794415416798357
spurred,2.0794415416798357
hype,2.0794415416798357
indian,1.3862943611198906
devices,1.3862943611198906
paulo/washington,2.0794415416798357
capitalists,2.0794415416798357
shorter,2.0794415416798357
zanny,2.0794415416798357
stanley,2.0794415416798357
rose,2.0794415416798357
groceries,2.0794415416798357
krugman,2.0794415416798357
steelmaker,2.0794415416798357
campa,2.0794415416798357
drummond,2.0794415416798357
books,2.0794415416798357
component,2.0794415416798357
interior,2.0794415416798357
tout,2.0794415416798357
beyond,2.0794415416798357
slam,2.0794415416798357
05,2.0794415416798357
istock,2.0794415416798357
buses,2.0794415416798357
consumer,2.0794415416798357
impoundment,2.0794415416798357
report,2.0794415416798357
chainsaw,2.0794415416798357
domainmeanwhile,2.0794415416798357
gain,2.0794415416798357
escalation,2.0794415416798357
left-leaning,2.0794415416798357
users,2.0794415416798357
sao,2.0794415416798357
musk-inspired,2.0794415416798357
steven,2.0794415416798357
producer,2.0794415416798357
function,2.0794415416798357
ce,2.0794415416798357
rocketed,2.0794415416798357
becomes,2.0794415416798357
3,2.0794415416798357
buy,2.0794415416798357
pointless,2.0794415416798357
pugliano/getty,2.0794415416798357
embraces,2.0794415416798357
off-road,2.0794415416798357
neuron,2.0794415416798357
confident,2.0794415416798357
latino,2.0794415416798357
nobel,2.0794415416798357
decker,2.0794415416798357
roundup,1.3862943611198906
enter,2.0794415416798357
jinping,1.3862943611198906
36%,2.0794415416798357
lima,2.0794415416798357
(emphasis,2.0794415416798357
administrat,2.0794415416798357
laurene,2.0794415416798357
homegoods,2.0794415416798357
lowers,2.0794415416798357
combined,2.0794415416798357
inaugurationanalysis,2.0794415416798357
discussed,2.0794415416798357
twin,2.0794415416798357
slice,2.0794415416798357
consolidation,2.0794415416798357
thrive,2.0794415416798357
odds,2.0794415416798357
(apec),2.0794415416798357
met,2.0794415416798357
readies,2.0794415416798357
benefit,2.0794415416798357
dumped,2.0794415416798357
average,2.0794415416798357
ventura,2.0794415416798357
cash,2.0794415416798357
creators,2.0794415416798357
enthusiasm,2.0794415416798357
sharply,2.0794415416798357
communica,2.0794415416798357
1-day,2.0794415416798357
ev,2.0794415416798357
imports,2.0794415416798357
reversal,2.0794415416798357
weiss/afp,2.0794415416798357
risen,2.0794415416798357
revoking,2.0794415416798357
stocks,2.0794415416798357
rear,2.0794415416798357
reviving,2.0794415416798357
rising,2.0794415416798357
dow,2.0794415416798357
easier,2.0794415416798357
waterstom,2.0794415416798357
chicago,2.0794415416798357
traveling,2.0794415416798357
gleeful,2.0794415416798357
commanding,2.0794415416798357
weekly,2.0794415416798357
threat,2.0794415416798357
admin,2.0794415416798357
fairgrounds,2.0794415416798357
nears,2.0794415416798357
deficit,2.0794415416798357
reid,2.0794415416798357
lea,2.0794415416798357
marshalls,2.0794415416798357
video-sharing,2.0794415416798357
bona,2.0794415416798357
venture,2.0794415416798357
letter,2.0794415416798357
insider,2.0794415416798357
officially,2.0794415416798357
uncertainty,1.3862943611198906
rebecca,2.0794415416798357
momentum,2.0794415416798357
trillions,2.0794415416798357
bankers,2.0794415416798357
economist,2.0794415416798357
xi,1.3862943611198906
ea,2.0794415416798357
tri,2.0794415416798357
hereov,2.0794415416798357
automotive,1.3862943611198906
cohen/getty,2.0794415416798357
hates,2.0794415416798357
cares,2.0794415416798357
business-friendly,2.0794415416798357
markets,2.0794415416798357
immediately,1.3862943611198906
quietly,2.0794415416798357
expert,2.0794415416798357
question,2.0794415416798357
chase,2.0794415416798357
shopping,2.0794415416798357
overdrive,2.0794415416798357
ferdman/getty,2.0794415416798357
deals,2.0794415416798357
archive,2.0794415416798357
shares,2.0794415416798357
/,2.0794415416798357
internets,2.0794415416798357
investors,2.0794415416798357
hochul,2.0794415416798357
advancements,2.0794415416798357
deficits,2.0794415416798357
(ev),2.0794415416798357
sullivan/getty,2.0794415416798357
inter,2.0794415416798357
valleys,2.0794415416798357
owns,2.0794415416798357
fly,2.0794415416798357
journalists,1.3862943611198906
thanksgiv,2.0794415416798357
butler,2.0794415416798357
driving,2.0794415416798357
prior,2.0794415416798357
beddoes,2.0794415416798357
ramping,1.3862943611198906
lands,2.0794415416798357
iphone,2.0794415416798357
finishes,2.0794415416798357
design,2.0794415416798357
techmeme,2.0794415416798357
ours)president-elect,2.0794415416798357
150,2.0794415416798357
hed,2.0794415416798357
wasted,2.0794415416798357
influencers,2.0794415416798357
epoch,2.0794415416798357
congestion,2.0794415416798357
ink,2.0794415416798357
suv,2.0794415416798357
catching,2.0794415416798357
tagline,2.0794415416798357
bloomb,2.0794415416798357
though,2.0794415416798357
wars,2.0794415416798357
trump-spurred,2.0794415416798357
home,2.0794415416798357
plants,2.0794415416798357
at&ampt&gttime,2.0794415416798357
strikingly,2.0794415416798357
benefited,2.0794415416798357
milei,2.0794415416798357
rallyanna,2.0794415416798357
crypto,2.0794415416798357
delivering,2.0794415416798357
production,2.0794415416798357
storm,2.0794415416798357
sales,2.0794415416798357
extends,2.0794415416798357
companies),2.0794415416798357
substantia,2.0794415416798357
gerdau,2.0794415416798357
raging,2.0794415416798357
working-class,2.0794415416798357
brazilian,2.0794415416798357
gabriel,2.0794415416798357
touting,2.0794415416798357
chose,2.0794415416798357
selling,2.0794415416798357
sounding,2.0794415416798357
taxes,2.0794415416798357
af,2.0794415416798357
dial,2.0794415416798357
ocasio-cortez,2.0794415416798357
loves,2.0794415416798357
planned,2.0794415416798357
hundred,2.0794415416798357
jumps,2.0794415416798357
plastics,2.0794415416798357
baertlein,2.0794415416798357
broader,2.0794415416798357
honda,2.0794415416798357
chinese,1.3862943611198906
grieving,2.0794415416798357
kathy,2.0794415416798357
surrounding,2.0794415416798357
bounce,2.0794415416798357
kirton,2.0794415416798357
lease,2.0794415416798357
housing,2.0794415416798357
warner&gtdiscovery,2.0794415416798357
handing,1.3862943611198906
chaotic,2.0794415416798357
novemberbill,2.0794415416798357
ted,2.0794415416798357
rents,2.0794415416798357
weather,2.0794415416798357
broadband,2.0794415416798357
millions,0.9808292530117262
burgum,2.0794415416798357
cars,2.0794415416798357
1035,2.0794415416798357
newsletters,2.0794415416798357
regulation,2.0794415416798357
faithful,2.0794415416798357
cuts,2.0794415416798357
dollars,1.3862943611198906
deployment,2.0794415416798357
slap,2.0794415416798357
doge,2.0794415416798357
firms,2.0794415416798357
$100000,2.0794415416798357
changes,1.3862943611198906
vinod,2.0794415416798357
shock,2.0794415416798357
zisser/bi,2.0794415416798357
intends,2.0794415416798357
face-to-face,2.0794415416798357
jen,2.0794415416798357
considers,2.0794415416798357
electronics,2.0794415416798357
farm,2.0794415416798357
peru,2.0794415416798357
nat,2.0794415416798357
javier,2.0794415416798357
else,2.0794415416798357
messy,2.0794415416798357
pricing,2.0794415416798357
raise,2.0794415416798357
alberto,2.0794415416798357
opposed,2.0794415416798357
immigrant,2.0794415416798357
grocery,2.0794415416798357
etc,2.0794415416798357
industry-leading,2.0794415416798357
trade,1.3862943611198906
startups,2.0794415416798357
pockets,2.0794415416798357
sold,2.0794415416798357
fantastic,2.0794415416798357
articles,2.0794415416798357
railed,2.0794415416798357
megabits,2.0794415416798357
conc,2.0794415416798357
duly,2.0794415416798357
60th,2.0794415416798357
spendi,2.0794415416798357
$7500,2.0794415416798357
dancing,2.0794415416798357
savior,2.0794415416798357
upangela,2.0794415416798357
economists,2.0794415416798357
competition,2.0794415416798357
1980s,2.0794415416798357
feiger,2.0794415416798357
$16,2.0794415416798357
assorted,2.0794415416798357
hi,2.0794415416798357
increases,2.0794415416798357
changer,2.0794415416798357
bitcoin,2.0794415416798357
price,2.0794415416798357
banks,2.0794415416798357
dating,2.0794415416798357
slowly,2.0794415416798357
large-scale,2.0794415416798357
particular,2.0794415416798357
cost,1.3862943611198906
incentive,2.0794415416798357
able,2.0794415416798357
activating,2.0794415416798357
applying,2.0794415416798357
industrial,2.0794415416798357
tarif,2.0794415416798357
starlink,2.0794415416798357
potentially,2.0794415416798357
nashville,2.0794415416798357
drill,2.0794415416798357
defend,2.0794415416798357
rest,2.0794415416798357
opponents,2.0794415416798357
filings,2.0794415416798357
black,1.3862943611198906
ceokevin,2.0794415416798357
corporate,2.0794415416798357
landscape,2.0794415416798357
petition,2.0794415416798357
administrations,2.0794415416798357
noems,2.0794415416798357
exist,2.0794415416798357
lifeline,2.0794415416798357
dietsch/getty,2.0794415416798357
gary,2.0794415416798357
permit,2.0794415416798357
tokyo,2.0794415416798357
congressional,2.0794415416798357
queens,2.0794415416798357
cryptocurrencies,2.0794415416798357
hurtling,2.0794415416798357
(alexandra,2.0794415416798357
yesterdays,2.0794415416798357
vehicles,2.0794415416798357
asian,1.3862943611198906
akin,2.0794415416798357
giants,2.0794415416798357
advocates,2.0794415416798357
sounds,2.0794415416798357
added,2.0794415416798357
bro,2.0794415416798357
khoslakelly,2.0794415416798357
eo,2.0794415416798357
feeds,2.0794415416798357
autozone,2.0794415416798357
brazils,2.0794415416798357
drilling,2.0794415416798357
completely,2.0794415416798357
aoc,2.0794415416798357
revis,2.0794415416798357
alexandria,2.0794415416798357
artificial,2.0794415416798357
lower,2.0794415416798357
15,2.0794415416798357
autonomous,2.0794415416798357
fides,2.0794415416798357
cnbc,2.0794415416798357
overflowing,2.0794415416798357
exactly,2.0794415416798357
newsletteryou,2.0794415416798357
linkedin,2.0794415416798357
emblematic,2.0794415416798357
dimon,2.0794415416798357
passport,2.0794415416798357
argentina,2.0794415416798357
orb√°n,2.0794415416798357
nato,2.0794415416798357
chasiv,2.0794415416798357
volodymyr,2.0794415416798357
sets,2.0794415416798357
chinas,2.0794415416798357
protectionist,2.0794415416798357
seed,2.0794415416798357
conflicts,2.0794415416798357
enamored,2.0794415416798357
overseas,2.0794415416798357
grand,2.0794415416798357
resources,2.0794415416798357
resisting,2.0794415416798357
trumpchandan,2.0794415416798357
master,2.0794415416798357
uncle,2.0794415416798357
estranged,2.0794415416798357
benjamin,2.0794415416798357
seek,2.0794415416798357
northern,2.0794415416798357
pro-israel,2.0794415416798357
european,2.0794415416798357
unleashed,2.0794415416798357
assess,2.0794415416798357
yar,2.0794415416798357
brimming,2.0794415416798357
welcomed,2.0794415416798357
palace,2.0794415416798357
tons,2.0794415416798357
netanyahu,2.0794415416798357
dona,2.0794415416798357
sections,2.0794415416798357
bucks,2.0794415416798357
probably,2.0794415416798357
ukraine,2.0794415416798357
piles,2.0794415416798357
zelenskyy,2.0794415416798357
counter,2.0794415416798357
blog,2.0794415416798357
trans-atlantic,2.0794415416798357
reassessing,2.0794415416798357
outlined,2.0794415416798357
escalate,2.0794415416798357
advised,2.0794415416798357
israeli,2.0794415416798357
bombards,2.0794415416798357
muslims,2.0794415416798357
brigade,2.0794415416798357
quite,2.0794415416798357
useful,2.0794415416798357
tra,2.0794415416798357
strikes,2.0794415416798357
ap,2.0794415416798357
countries,2.0794415416798357
hope,2.0794415416798357
choice,2.0794415416798357
keepsakes,2.0794415416798357
apparel,2.0794415416798357
emphasis,2.0794415416798357
effort,2.0794415416798357
geopolitical,2.0794415416798357
hawked,2.0794415416798357
24th,2.0794415416798357
china,2.0794415416798357
ftcom,2.0794415416798357
foster,2.0794415416798357
mines,2.0794415416798357
caribbean,2.0794415416798357
koreas,2.0794415416798357
radio,2.0794415416798357
professional,2.0794415416798357
putins,2.0794415416798357
recorded,2.0794415416798357
regional,2.0794415416798357
greater,2.0794415416798357
counting,2.0794415416798357
lebanon,2.0794415416798357
growing,2.0794415416798357
beholden,2.0794415416798357
hungary,2.0794415416798357
commoditize,2.0794415416798357
petrasiuk/ukrainian,2.0794415416798357
confront,2.0794415416798357
dan,2.0794415416798357
chennai,2.0794415416798357
kremlin,2.0794415416798357
strip,2.0794415416798357
negotiate,2.0794415416798357
beijing,2.0794415416798357
ì,2.0794415416798357
drought,2.0794415416798357
macron,2.0794415416798357
isolated,2.0794415416798357
hungarian,2.0794415416798357
extremely,1.3862943611198906
rutte,2.0794415416798357
moscowcontributor/getty,2.0794415416798357
disinfo,2.0794415416798357
drive,1.3862943611198906
valuable,2.0794415416798357
gaza,2.0794415416798357
dozens,2.0794415416798357
steadfast,2.0794415416798357
30oleg,2.0794415416798357
budapest,2.0794415416798357
sitting,2.0794415416798357
putinin,2.0794415416798357
contentious,2.0794415416798357
aff,2.0794415416798357
relations,2.0794415416798357
dialogue,2.0794415416798357
mary,2.0794415416798357
natural,2.0794415416798357
raja,2.0794415416798357
secretary-general,2.0794415416798357
merchandise,2.0794415416798357
forming,2.0794415416798357
khanna/afp,2.0794415416798357
man,1.3862943611198906
boundaries,2.0794415416798357
london,2.0794415416798357
expat,2.0794415416798357
bala,2.0794415416798357
uses,2.0794415416798357
ukrainian,2.0794415416798357
deir,2.0794415416798357
pushes,2.0794415416798357
win</l,2.0794415416798357
al-balah,2.0794415416798357
mobilizing,2.0794415416798357
eve,1.3862943611198906
emmanuel,2.0794415416798357
peace,2.0794415416798357
distances,1.3862943611198906
handle,2.0794415416798357
us-made,2.0794415416798357
electronic,2.0794415416798357
tiny,2.0794415416798357
israe,2.0794415416798357
wrong,2.0794415416798357
not-so-friendly,2.0794415416798357
front,2.0794415416798357
bilateral,2.0794415416798357
anti-tank,2.0794415416798357
mechanised,2.0794415416798357
pl,2.0794415416798357
invite,2.0794415416798357
extraction,2.0794415416798357
characterized,2.0794415416798357
children,2.0794415416798357
destroying,2.0794415416798357
niece,2.0794415416798357
regarding,2.0794415416798357
warmest,2.0794415416798357
headache,2.0794415416798357
protected,2.0794415416798357
tearing,2.0794415416798357
johnsons,2.0794415416798357
bans,2.0794415416798357
reproductive,2.0794415416798357
procedure,2.0794415416798357
dobbs,2.0794415416798357
woke,2.0794415416798357
ability,2.0794415416798357
constitutional,2.0794415416798357
suggestion,2.0794415416798357
implement,2.0794415416798357
accessand,2.0794415416798357
seven,2.0794415416798357
credit,2.0794415416798357
obamacare,2.0794415416798357
surpassed,2.0794415416798357
reconcile,2.0794415416798357
literally,2.0794415416798357
philosophie,2.0794415416798357
dread,2.0794415416798357
particularly,2.0794415416798357
congress,2.0794415416798357
short-lived,2.0794415416798357
presiden,2.0794415416798357
secure,2.0794415416798357
ended,2.0794415416798357
trumpa,2.0794415416798357
teases,2.0794415416798357
organizationtwo,2.0794415416798357
regulate,2.0794415416798357
reelected,2.0794415416798357
reform,2.0794415416798357
pillars,2.0794415416798357
affecting,2.0794415416798357
pills,2.0794415416798357
pro-life,2.0794415416798357
position,2.0794415416798357
heat,2.0794415416798357
jackson,2.0794415416798357
anti-abortion,2.0794415416798357
roe,2.0794415416798357
jrs,2.0794415416798357
fulfilled,2.0794415416798357
affordable,2.0794415416798357
nights,2.0794415416798357
voti,2.0794415416798357
pill,2.0794415416798357
supr,2.0794415416798357
bets,2.0794415416798357
wade,2.0794415416798357
number,2.0794415416798357
raids,2.0794415416798357
determination,2.0794415416798357
surveillance,2.0794415416798357
corn-growing,2.0794415416798357
goal,2.0794415416798357
track,2.0794415416798357
yankees,2.0794415416798357
e-verify,2.0794415416798357
little,2.0794415416798357
borrowers,2.0794415416798357
unexpected,2.0794415416798357
loans,2.0794415416798357
cuccinelli,2.0794415416798357
nilay,2.0794415416798357
demographic,2.0794415416798357
14,2.0794415416798357
detailed,2.0794415416798357
facilities,2.0794415416798357
conduct,2.0794415416798357
revolves,2.0794415416798357
intense,2.0794415416798357
incidents,2.0794415416798357
stay,2.0794415416798357
movement,2.0794415416798357
ice,2.0794415416798357
cancel,2.0794415416798357
numbers,2.0794415416798357
birthright,2.0794415416798357
drifting,2.0794415416798357
denaturalization,2.0794415416798357
arresting,2.0794415416798357
fla),2.0794415416798357
cracking,2.0794415416798357
confirms,2.0794415416798357
schools,2.0794415416798357
eic,2.0794415416798357
thi,2.0794415416798357
us-mexico,2.0794415416798357
worksite,2.0794415416798357
suggestin,2.0794415416798357
risk,2.0794415416798357
needs,2.0794415416798357
seeks,2.0794415416798357
sea,2.0794415416798357
by-now,2.0794415416798357
25,2.0794415416798357
warm-up,2.0794415416798357
theory,2.0794415416798357
shootings,2.0794415416798357
mcallen,2.0794415416798357
raid,2.0794415416798357
conditions,2.0794415416798357
student,2.0794415416798357
immigr,2.0794415416798357
covering,2.0794415416798357
ending,2.0794415416798357
1402-acre,2.0794415416798357
breathtaking,2.0794415416798357
male,2.0794415416798357
us-canada,2.0794415416798357
podium,2.0794415416798357
pulls,2.0794415416798357
draw,2.0794415416798357
ba,2.0794415416798357
puts,2.0794415416798357
stuck,2.0794415416798357
ranchland,2.0794415416798357
humans,2.0794415416798357
úa,2.0794415416798357
childcare,2.0794415416798357
trumprepublicans,2.0794415416798357
verge,2.0794415416798357
biking,2.0794415416798357
lovefest,2.0794415416798357
violence,2.0794415416798357
contrast,2.0794415416798357
raided,2.0794415416798357
seemingly,2.0794415416798357
reaffirms,2.0794415416798357
criticizing,2.0794415416798357
anti-transgender,2.0794415416798357
headliner,2.0794415416798357
lititz,2.0794415416798357
úmuslim,2.0794415416798357
busses,2.0794415416798357
workplace,2.0794415416798357
promi,2.0794415416798357
patterns,2.0794415416798357
flashpoint,2.0794415416798357
easy,2.0794415416798357
marked,2.0794415416798357
started,2.0794415416798357
left-wing,2.0794415416798357
kill,2.0794415416798357
processing,2.0794415416798357
arsenal,2.0794415416798357
meat,2.0794415416798357
crackdown,2.0794415416798357
migrants,2.0794415416798357
plant,2.0794415416798357
rural,2.0794415416798357
prodigious,2.0794415416798357
declaring,2.0794415416798357
agents,2.0794415416798357
espousing,2.0794415416798357
spring,2.0794415416798357
citizenship,2.0794415416798357
occasions,2.0794415416798357
indoctrination,2.0794415416798357
trans,2.0794415416798357
loridas,2.0794415416798357
úi,2.0794415416798357
property,2.0794415416798357
undocumented,2.0794415416798357
hires,2.0794415416798357
(palm,2.0794415416798357
keenly,2.0794415416798357
difficult,2.0794415416798357
deport,2.0794415416798357
contributed,2.0794415416798357
yorks,2.0794415416798357
lack,2.0794415416798357
anti-immigration,2.0794415416798357
parcel,2.0794415416798357
reclaims,2.0794415416798357
bean,2.0794415416798357
repeats,2.0794415416798357
build,2.0794415416798357
script,2.0794415416798357
staging,2.0794415416798357
area,2.0794415416798357
largest,2.0794415416798357
wokeness,2.0794415416798357
presid,2.0794415416798357
permission,2.0794415416798357
preparing,2.0794415416798357
(,2.0794415416798357
migrant,2.0794415416798357
sworn,2.0794415416798357
sb1718,2.0794415416798357
wishlist,2.0794415416798357
describing,2.0794415416798357
station,2.0794415416798357
student-loan,2.0794415416798357
park,2.0794415416798357
104,2.0794415416798357
notice,2.0794415416798357
acts,2.0794415416798357
plot,2.0794415416798357
